important_econ,important_gayr,educ,birthyr,pol_interest,pid3,unimportant_budget,unimportant_abort,gender
1,1,5,1931,3,1,4,2,1
1,2,3,1952,3,2,4,4,1
1,4,2,1931,3,1,3,1,1
1,2,3,1959,3,3,4,1,1
1,3,5,1952,3,2,4,3,2
1,1,4,1939,3,1,2,4,1
1,3,6,1959,3,1,4,1,1
1,3,2,1944,3,2,4,2,1
1,2,5,1969,2,1,1,3,2
1,1,3,1961,3,1,2,4,2
1,2,6,1948,3,1,3,3,1
1,1,5,1951,3,1,4,4,2
1,4,3,1968,3,2,4,2,2
2,1,6,1963,3,1,3,3,1
1,2,6,1947,3,1,3,4,2
1,1,5,1956,3,1,3,4,1
1,1,5,1960,3,1,2,1,1
1,4,5,1958,2,2,3,1,2
1,2,5,1942,3,1,4,2,2
1,3,3,1983,3,1,3,2,2
1,2,6,1962,3,2,4,1,2
1,2,3,1945,2,1,3,1,1
1,3,5,1951,3,2,4,2,1
1,4,5,1975,3,3,3,1,1
1,3,5,1961,3,2,4,2,2
1,1,5,1961,3,3,4,4,2
1,2,3,1953,3,2,4,3,1
1,2,5,1947,2,1,3,2,2
1,4,3,1948,3,2,4,3,1
1,4,5,1960,3,3,3,1,2
1,3,5,1956,2,2,4,2,2
1,4,2,1951,3,2,4,4,1
1,4,2,1939,3,2,4,4,1
2,3,6,1952,3,2,3,2,2
1,1,2,1963,3,1,4,4,2
1,3,6,1962,3,2,4,2,1
1,1,4,1942,3,2,4,4,1
1,4,3,1960,3,2,4,3,2
1,3,5,1948,3,1,2,1,2
1,1,3,1957,3,1,3,4,2
1,1,2,1939,3,3,4,4,2
1,4,4,1950,3,2,4,2,1
1,4,4,1952,3,2,4,3,2
1,4,3,1968,3,2,4,4,2
1,4,5,1968,3,2,4,3,2
2,4,2,1972,1,2,,3,2
1,4,5,1974,3,1,1,4,2
1,4,3,1952,3,1,3,1,1
1,2,2,1925,3,2,4,4,2
1,4,6,1950,3,2,3,2,1
1,2,5,1933,3,1,4,4,2
2,4,4,1958,2,1,1,1,1
1,1,4,1950,3,1,3,4,2
1,4,2,1950,3,2,4,1,2
1,4,2,1963,3,2,4,4,1
1,4,3,1972,3,2,4,3,1
1,1,5,1940,3,1,3,4,2
2,1,5,1958,2,1,3,4,1
1,2,6,1954,3,1,4,3,1
1,2,6,1961,3,1,4,3,2
2,2,5,1980,3,1,3,3,2
1,3,6,1955,3,3,4,2,2
1,3,5,1972,3,2,4,3,2
1,4,6,1970,3,2,4,4,1
1,2,6,1950,3,1,2,3,2
1,4,5,1934,3,1,4,2,1
1,3,2,1941,3,3,4,3,1
1,3,6,1954,3,3,3,1,1
1,1,4,1962,3,1,3,3,2
1,3,4,1952,3,1,3,1,1
1,1,5,1952,2,1,2,3,2
1,1,5,1961,3,1,3,3,2
2,1,3,1974,2,1,2,2,1
1,1,5,1955,3,2,4,1,1
5,5,3,1948,3,2,5,5,1
1,1,4,1976,3,1,4,4,2
1,2,6,1944,2,1,3,2,1
1,1,5,1954,3,3,4,1,1
1,2,6,1954,2,1,4,4,1
1,4,6,1950,3,2,4,4,1
1,1,5,1950,3,1,2,4,1
1,3,3,1941,3,2,4,3,1
1,3,3,1940,2,1,3,3,1
1,4,6,1963,2,3,4,1,1
1,4,6,1961,3,1,3,1,1
1,2,6,1967,3,2,4,4,1
1,4,2,1957,3,2,3,2,1
1,2,6,1980,3,,1,3,1
1,4,2,1961,3,1,4,1,2
1,4,6,1965,3,2,4,4,2
1,1,5,1969,3,1,2,4,1
1,4,6,1958,3,2,4,4,2
1,4,3,1957,3,2,4,1,2
,,5,1936,3,1,2,2,2
1,3,5,1954,3,2,4,2,1
1,4,6,1954,3,1,4,1,2
2,1,3,1969,3,1,1,2,1
1,4,6,1952,3,1,3,1,1
1,1,6,1944,2,1,3,4,2
1,1,5,1956,3,1,2,1,1
1,1,6,1953,3,1,2,3,2
1,1,5,1955,3,1,4,4,2
1,2,3,1955,3,3,3,3,2
1,2,2,1928,3,3,4,3,2
2,3,5,1986,3,2,3,4,2
1,4,5,1950,3,1,4,1,2
1,3,6,1952,3,1,3,2,2
2,1,1,1959,3,1,2,4,1
1,1,3,1957,3,1,2,2,2
1,4,5,1953,3,2,4,4,2
1,1,6,1970,2,1,3,2,2
1,3,5,1963,2,1,4,2,2
1,3,2,1946,3,1,4,4,2
1,1,3,1956,3,1,3,3,1
1,3,4,1965,3,2,4,2,2
1,3,5,1980,3,2,4,1,2
1,4,2,1954,3,2,4,3,2
1,2,3,1985,3,2,4,2,1
1,4,3,1983,3,2,4,4,1
1,2,6,1972,3,3,2,2,1
1,1,3,1959,3,2,4,4,1
1,3,3,1970,3,1,4,1,1
1,1,3,1937,3,1,4,1,1
1,4,6,1970,3,1,3,1,2
1,2,5,1959,3,2,4,2,1
1,3,3,1954,3,2,4,3,1
1,2,3,1949,2,1,3,4,2
1,1,6,1960,3,1,3,2,1
1,4,5,1982,3,2,4,2,1
1,1,5,1972,2,1,4,1,2
1,2,4,1962,3,1,4,3,1
1,4,5,1935,3,2,4,4,1
1,3,3,1949,2,1,3,2,1
1,1,6,1952,3,1,3,4,2
2,3,6,1956,3,1,3,3,2
1,3,5,1968,3,2,4,3,1
1,1,2,1963,3,2,4,3,1
1,1,6,1945,3,1,4,4,1
2,3,3,1990,2,2,3,4,2
2,4,3,1956,2,1,3,1,2
1,4,6,1959,3,2,4,2,2
1,3,3,1971,3,3,4,4,1
1,4,6,1970,3,2,4,2,1
1,1,3,1959,3,1,4,3,2
1,2,5,1955,3,2,4,3,2
1,2,6,1970,3,1,4,1,2
1,4,6,1962,3,2,4,1,2
1,3,5,1968,2,1,4,2,2
1,2,5,1956,3,1,3,4,1
1,1,3,1987,2,1,3,3,2
1,4,6,1945,3,2,4,3,2
1,1,5,1965,3,1,3,2,1
1,4,6,1955,3,2,4,2,1
1,3,2,1949,2,1,3,2,1
1,4,2,1965,3,2,4,2,2
1,4,3,1957,3,3,4,2,1
1,3,5,1955,3,3,4,4,2
1,4,5,1951,2,2,4,2,1
1,1,3,1940,3,3,4,1,2
1,1,5,1981,3,1,4,4,2
1,3,5,1981,2,2,4,3,1
1,3,2,1944,3,1,4,4,2
1,3,4,1961,2,1,4,4,1
1,2,3,1954,2,1,3,3,2
1,4,3,1966,3,2,4,4,2
1,3,3,1962,3,1,3,3,2
1,1,6,1962,3,3,2,4,2
1,4,6,1982,3,2,3,1,1
1,4,5,1962,3,2,4,1,1
1,4,3,1955,2,3,4,2,1
1,4,2,1979,3,2,4,2,1
1,4,4,1952,3,2,4,1,2
1,2,6,1965,2,1,4,2,2
1,4,4,1967,2,2,4,2,1
1,3,4,1976,2,1,2,4,1
1,1,5,1958,3,1,2,4,2
2,3,6,1947,3,3,3,1,1
1,4,5,1956,3,2,4,3,2
3,1,3,1990,3,1,2,2,1
2,2,2,1948,2,1,3,3,2
1,2,3,1966,3,2,4,4,2
1,4,5,1978,3,3,4,4,2
1,3,3,1964,3,2,4,3,1
2,1,5,1977,2,1,3,3,1
1,1,4,1970,3,1,2,1,2
1,1,6,1969,3,1,2,2,1
1,2,4,1971,3,2,3,1,2
2,2,5,1965,2,1,3,2,1
1,1,3,1938,3,2,4,4,1
2,2,6,1950,2,3,1,2,1
5,5,4,1950,2,1,5,5,1
1,4,3,1963,3,2,4,2,1
1,2,6,1972,2,1,3,4,2
2,1,5,1976,2,1,2,4,2
2,2,5,1937,3,1,2,4,2
1,4,6,1981,3,1,4,4,2
1,4,2,1952,3,3,4,2,2
1,1,6,1954,3,2,4,1,2
1,1,5,1967,3,1,4,3,1
1,3,6,1956,3,1,2,1,2
1,1,6,1957,3,1,4,3,1
1,3,6,1978,2,2,4,2,2
1,1,3,1969,3,1,4,2,2
1,1,5,1970,3,1,2,3,2
1,1,4,1957,3,1,2,1,2
1,1,4,1959,2,1,4,3,1
1,4,3,1971,3,3,4,3,2
1,2,5,1964,3,1,3,3,2
1,1,5,1971,3,3,4,2,2
1,3,3,1961,3,2,4,2,1
1,2,6,1948,3,1,2,2,1
1,3,6,1970,1,1,3,1,2
1,4,5,1962,3,2,4,3,1
1,2,3,1956,3,1,3,4,2
1,1,6,1971,3,3,3,4,1
1,3,5,1972,3,3,3,1,2
1,2,6,1956,3,1,1,4,2
1,3,2,1931,3,2,4,4,1
1,2,2,1932,3,1,3,2,1
1,3,5,1957,3,1,3,2,2
1,3,2,1955,3,3,4,2,1
2,4,6,1981,3,2,3,3,2
1,2,6,1960,3,1,3,4,1
1,2,2,1954,3,1,3,1,2
1,2,3,1961,3,1,3,4,2
3,1,5,1956,3,2,3,4,1
1,2,6,1954,2,3,4,3,1
1,4,3,1962,3,2,4,4,1
1,4,6,1956,2,3,4,4,2
1,2,6,1955,3,2,4,3,1
1,4,5,1953,3,2,4,3,2
1,4,5,1963,3,1,3,1,1
1,3,5,1972,3,2,4,4,1
1,4,3,1958,3,2,4,1,2
1,2,6,1954,3,1,3,2,2
1,3,5,1957,3,2,4,3,2
1,3,3,1926,3,2,4,2,2
1,4,5,1969,3,2,4,4,2
1,3,2,1955,3,2,4,2,1
1,4,2,1939,3,2,4,3,1
1,3,5,1962,3,2,4,1,1
1,3,4,1965,2,2,4,4,2
1,2,3,1961,3,1,1,1,2
1,4,5,1952,3,2,4,1,2
2,1,5,1943,3,1,3,3,2
1,4,3,1944,3,2,4,4,1
1,4,3,1948,3,1,2,1,2
1,4,5,1964,3,2,4,3,2
1,4,3,1954,2,3,4,3,1
1,4,5,1964,3,2,4,3,2
1,2,4,1957,3,1,4,2,1
1,3,6,1957,3,2,4,2,1
1,4,3,1937,3,2,4,4,2
1,4,2,1969,3,2,4,1,1
1,4,4,1965,3,2,4,4,2
1,4,3,1965,3,2,4,4,2
1,2,6,1968,2,3,4,3,2
1,2,5,1966,3,1,3,3,1
1,3,5,1969,3,3,4,2,1
1,4,3,1952,3,2,4,2,2
2,2,5,1974,3,1,3,3,1
1,2,2,1940,2,1,4,3,2
1,4,6,1955,3,2,4,1,1
1,2,5,1974,3,3,4,2,2
1,1,3,1966,3,3,4,4,2
1,4,6,1958,3,2,4,1,2
1,4,3,1952,3,2,4,4,1
1,4,4,1949,3,2,4,3,1
1,1,3,1973,3,1,4,2,2
1,1,2,1946,3,2,4,4,1
1,1,6,1937,3,2,4,3,1
1,3,3,1969,3,2,4,1,2
1,2,6,1971,3,3,4,3,2
1,1,2,1962,3,2,4,4,2
1,4,2,1963,3,2,4,2,2
1,2,3,1939,3,1,1,1,1
1,4,3,1961,3,3,4,4,1
1,2,5,1964,3,1,3,3,2
1,4,3,1968,3,2,4,3,2
1,3,3,1959,3,1,3,3,2
1,4,4,1954,2,2,4,3,1
1,4,3,1961,2,2,4,4,2
1,2,6,1960,3,2,4,4,1
1,4,5,1954,3,2,4,2,1
1,1,6,1965,3,1,4,1,2
1,4,3,1941,2,2,4,3,1
1,3,5,1955,3,2,4,3,1
1,3,6,1965,3,1,2,3,1
1,2,2,1939,2,2,4,3,1
2,2,5,1957,2,2,4,3,2
1,4,5,1955,3,2,4,1,1
1,4,5,1962,3,2,4,2,2
1,2,5,1956,3,1,3,2,2
1,4,2,1953,3,2,4,3,2
1,4,6,1973,3,2,4,2,1
1,2,2,1931,3,3,4,1,1
1,3,6,1950,3,2,4,4,2
1,2,3,1957,3,2,4,4,2
1,1,6,1954,3,1,2,4,2
1,4,5,1957,3,2,4,2,2
1,4,3,1970,2,2,4,2,2
1,2,3,1934,3,1,3,2,1
1,2,2,1937,3,1,4,3,2
1,3,6,1952,3,2,4,1,1
2,1,3,1966,3,2,3,4,1
1,4,4,1973,3,2,4,3,1
1,3,3,1962,3,2,4,4,2
1,4,5,1971,3,2,3,4,2
1,4,5,1969,3,1,4,3,1
1,3,6,1961,3,2,3,2,1
1,4,2,1939,3,2,4,1,1
1,4,2,1938,3,2,4,4,2
1,3,4,1974,3,,4,1,2
1,4,6,1958,3,2,4,1,1
1,4,3,1962,3,2,4,4,2
1,3,6,1978,3,2,4,2,1
1,2,3,1941,3,1,3,2,2
1,3,5,1962,2,3,4,1,2
1,2,4,1965,2,2,4,3,1
1,4,2,1963,3,2,4,1,2
1,3,5,1960,3,3,4,3,2
1,4,2,1939,3,2,4,3,2
1,4,3,1947,3,2,4,3,2
1,2,3,1983,2,1,3,3,1
1,3,6,1955,3,2,4,1,1
1,2,6,1974,3,1,1,3,2
1,1,5,1965,3,3,4,4,2
1,3,5,1949,3,2,4,4,1
1,4,2,1955,3,2,4,2,1
1,3,2,1959,3,2,4,3,2
1,4,5,1947,3,3,4,1,2
1,4,6,1969,3,2,4,2,2
1,4,5,1954,3,3,4,4,2
1,,6,1968,3,2,4,2,1
1,4,6,1956,3,2,4,2,2
1,1,5,1957,3,2,4,4,2
1,4,2,1953,3,2,4,3,2
1,4,6,1949,3,2,4,,1
1,4,5,1967,3,2,4,3,1
1,2,5,1950,3,1,2,2,2
1,2,5,1948,3,1,4,3,1
1,2,4,1963,2,1,3,3,2
1,2,6,1971,3,1,2,2,1
1,4,3,1942,3,2,4,4,1
1,4,5,1976,2,1,4,1,1
1,4,5,1963,3,2,4,2,1
1,4,4,1964,2,2,4,2,2
1,1,3,1955,3,1,2,4,2
1,4,2,1945,3,3,4,4,1
1,3,3,1932,3,2,4,3,2
1,4,5,1971,2,3,2,1,1
1,4,3,1953,3,2,4,4,2
1,3,6,1955,3,1,4,3,1
1,3,6,1954,3,2,4,4,2
1,4,5,1968,3,1,3,1,2
1,4,5,1956,3,2,3,2,1
1,4,5,1971,3,2,4,2,2
1,1,2,1967,3,2,4,4,1
1,2,6,1969,3,1,2,4,2
1,4,5,1986,3,2,4,4,1
1,4,6,1964,3,3,4,1,1
2,4,6,1974,3,2,4,4,1
1,1,5,1973,3,1,3,4,1
1,2,6,1946,3,1,3,3,2
1,3,4,1959,3,2,4,2,1
1,3,6,1958,2,2,4,4,2
1,2,6,1946,3,1,4,3,1
2,2,3,1961,3,3,4,3,1
1,4,5,1954,3,2,4,4,1
1,2,5,1960,3,2,4,3,2
1,3,2,1959,2,2,4,2,1
1,4,3,1944,3,2,4,4,2
1,4,5,1966,3,2,4,4,1
1,4,5,1963,2,2,4,3,1
1,1,3,1964,3,2,4,3,2
2,2,6,1966,3,1,2,3,2
1,3,5,1955,2,1,3,2,2
1,4,6,1943,3,2,4,1,2
1,4,2,1942,3,2,3,3,1
1,4,5,1973,3,,4,1,2
1,1,5,1965,3,2,4,1,1
1,3,6,1960,3,3,4,3,1
1,4,5,1965,2,3,4,2,2
1,4,5,1955,3,2,4,3,2
1,4,3,1965,2,2,4,2,1
1,4,6,1945,3,2,4,3,1
1,4,5,1945,3,3,4,4,1
1,3,4,1969,3,2,4,3,1
1,3,5,1974,3,2,4,2,2
1,2,5,1949,3,2,4,4,2
1,2,3,1950,3,2,4,3,1
1,2,5,1974,3,1,2,3,1
1,3,5,1953,3,2,4,4,1
1,1,6,1981,3,1,3,4,2
1,4,2,1955,3,2,4,3,1
1,1,5,1973,2,1,4,2,2
1,4,5,1951,3,2,4,1,1
1,3,3,1951,3,3,4,4,2
1,2,5,1968,3,1,2,2,1
1,3,5,1958,3,1,4,3,2
1,2,6,1967,3,1,3,4,1
1,4,3,1952,3,2,4,2,2
1,4,2,1959,3,2,4,3,2
1,3,3,1957,2,2,3,,1
1,2,2,1952,3,2,4,3,1
1,3,2,1954,2,2,4,3,1
1,3,6,1930,3,2,4,3,2
1,3,6,1958,3,2,4,3,1
1,2,2,1953,3,2,3,3,2
1,3,3,1957,3,2,4,2,1
1,3,3,1956,3,2,3,2,1
2,4,5,1946,3,3,4,3,1
1,1,6,1972,3,1,2,3,1
1,4,3,1974,3,3,3,1,2
1,4,6,1963,3,3,4,1,2
1,2,5,1944,3,2,4,4,1
1,3,2,1932,3,3,4,3,2
1,3,6,1956,3,2,4,2,1
1,1,6,1946,3,1,3,2,2
1,4,6,1946,3,1,3,1,1
2,1,3,1973,3,1,2,1,1
1,3,3,1966,3,2,4,3,2
1,4,5,1938,3,2,4,1,2
1,4,6,1958,3,2,4,2,2
1,1,5,1961,3,1,3,4,2
2,3,3,1962,2,1,3,4,2
1,4,6,1949,3,2,4,2,2
1,4,6,1950,3,2,4,3,1
1,4,6,1948,2,2,4,3,1
1,2,5,1944,3,1,2,1,2
1,3,3,1963,3,2,4,3,1
1,4,5,1982,3,,4,1,1
1,4,6,1975,3,2,4,4,2
1,4,4,1946,3,2,4,4,2
1,4,6,1974,3,2,4,1,1
1,3,5,1962,3,2,4,2,2
1,4,5,1962,3,2,4,4,1
1,4,6,1956,3,2,4,4,1
1,4,3,1961,3,2,2,4,2
1,2,5,1978,3,1,2,2,1
1,4,5,1953,3,2,4,3,1
1,4,3,1969,3,2,3,2,2
1,4,5,1970,3,2,4,3,2
1,4,1,1940,3,3,4,4,2
1,4,6,1963,3,2,3,4,2
1,2,5,1989,3,1,2,3,1
1,3,6,1968,3,2,4,2,2
1,3,5,1962,2,1,3,2,1
1,4,5,1951,3,2,4,4,1
1,2,3,1976,3,3,4,4,2
1,3,5,1955,3,3,4,2,1
1,4,2,1940,3,2,4,4,1
1,2,6,1944,3,1,2,1,2
5,5,3,1979,3,2,5,5,1
1,2,6,1948,3,1,3,3,2
1,2,5,1949,3,3,4,4,2
1,3,6,1963,3,3,4,1,1
1,3,4,1953,3,1,3,3,2
1,4,2,1946,2,2,4,4,2
1,4,3,1963,3,2,4,1,2
1,3,3,1954,2,2,4,4,2
1,4,2,1964,3,2,4,2,1
1,2,2,1950,3,1,3,3,2
1,4,5,1950,3,1,4,1,1
1,4,5,1957,3,2,4,3,2
1,4,3,1953,3,1,3,2,1
1,4,6,1953,3,2,4,2,2
1,4,6,1956,3,2,4,4,1
1,3,4,1953,3,1,4,2,1
1,4,6,1949,3,2,4,2,2
1,2,2,1950,3,1,4,3,1
2,3,3,1953,3,3,3,3,1
1,3,3,1955,3,2,4,4,2
1,4,2,1951,3,3,4,4,1
1,4,4,1963,3,2,4,1,1
1,1,2,1931,3,1,4,3,2
1,4,3,1950,3,1,4,1,2
1,4,3,1961,3,2,4,1,2
1,3,5,1950,3,1,3,3,2
1,3,6,1954,3,2,4,4,1
1,4,3,1951,3,2,4,1,2
1,4,6,1985,3,2,4,2,1
2,4,6,1967,3,2,4,4,2
1,1,4,1956,2,1,4,2,2
1,2,3,1987,3,3,1,3,1
1,3,6,1955,3,2,4,4,2
1,3,2,1952,2,2,4,2,2
1,2,5,1957,3,2,4,3,2
1,4,5,1953,3,2,4,1,1
1,1,2,1939,2,1,3,,2
1,3,3,1950,2,2,3,3,1
1,3,3,1965,3,2,4,2,2
1,2,4,1969,2,1,3,1,1
1,4,3,1961,3,3,4,1,1
2,3,5,1976,2,2,4,4,2
1,4,3,1974,3,2,4,3,1
1,2,6,1945,3,1,2,3,1
1,4,2,1946,2,1,4,4,1
1,2,2,1930,3,1,4,3,1
1,2,3,1941,2,2,4,3,1
1,3,5,1985,2,2,4,2,1
2,2,6,1951,3,1,3,3,1
1,4,5,1946,3,3,4,2,1
1,2,5,1953,2,1,3,4,1
1,3,5,1958,3,3,4,1,1
2,2,5,1940,1,1,4,2,2
1,4,6,1950,3,3,2,1,1
2,2,5,1936,,2,3,2,2
1,1,5,1965,3,1,1,4,1
1,3,3,1953,3,1,4,3,1
1,3,5,1987,3,1,3,3,2
1,2,2,1954,2,3,3,4,1
1,4,5,1967,3,1,2,1,2
1,4,2,1943,3,2,4,3,1
2,4,6,1965,3,2,4,2,2
1,1,6,1981,2,1,3,4,1
1,3,6,1973,3,3,1,2,1
1,4,6,1943,3,2,4,2,1
1,,5,1970,2,1,2,,2
1,3,5,1951,2,2,4,4,2
1,4,3,1961,3,2,4,1,2
1,4,3,1954,3,2,4,4,1
1,3,5,1957,3,3,3,1,1
1,2,5,1951,3,3,4,2,2
1,3,6,1968,2,3,3,2,1
1,3,2,1946,1,3,4,2,2
1,3,4,1953,3,1,3,2,2
1,4,6,1970,3,,4,1,1
1,1,3,1963,3,1,4,3,1
1,3,3,1951,3,1,4,3,2
1,4,5,1948,3,2,4,4,2
2,1,5,1970,3,1,3,4,2
1,3,5,1969,3,1,3,1,2
1,3,3,1955,3,2,4,2,2
1,3,4,1951,3,1,4,1,1
1,4,4,1972,3,2,4,2,1
1,4,3,1950,3,2,4,4,2
1,3,3,1957,3,2,3,2,1
1,2,6,1957,3,2,4,4,1
1,1,4,1962,2,1,4,4,2
1,3,4,1954,3,3,2,1,2
1,4,5,1952,3,2,4,2,1
1,3,5,1959,3,1,3,3,2
2,2,6,1944,3,1,2,3,2
1,2,6,1953,3,1,2,3,2
2,4,3,1951,2,1,4,4,1
2,4,3,1951,1,2,4,1,2
1,2,2,1951,3,1,4,3,1
1,3,5,1961,3,2,4,4,2
1,4,4,1961,3,2,4,3,2
2,2,6,1972,2,1,2,2,2
1,3,5,1978,3,1,3,2,1
1,4,5,1966,3,2,4,2,1
1,1,5,1934,2,1,4,4,2
1,2,6,1959,3,1,3,2,1
1,1,6,1959,3,1,4,2,2
1,4,2,1958,3,2,4,3,2
2,1,5,1967,3,1,3,4,1
1,2,2,1953,3,1,2,3,2
1,3,5,1981,3,2,3,4,2
1,4,5,1955,3,2,4,3,2
2,4,2,1965,2,3,4,2,2
1,2,5,1948,3,1,4,3,1
2,3,5,1978,3,2,4,4,2
1,1,3,1950,3,1,3,4,2
1,1,6,1960,3,1,3,1,2
1,4,3,1957,1,2,4,4,2
1,2,4,1954,2,2,4,2,1
1,4,2,1954,2,1,4,2,2
1,4,3,1952,3,2,4,3,2
1,1,5,1978,3,1,2,3,1
1,2,5,1965,2,2,4,1,2
1,3,6,1958,3,3,4,1,2
1,2,3,1954,3,1,3,1,2
1,2,5,1959,3,2,4,4,1
1,1,5,1962,2,1,4,4,1
1,2,5,1963,3,1,4,3,2
3,3,3,1961,2,2,2,2,2
1,3,5,1943,3,2,4,3,2
1,1,6,1966,2,3,4,3,2
1,1,3,1961,3,1,4,3,2
1,3,5,1947,3,1,3,2,2
1,4,5,1955,1,2,4,1,1
1,,5,1951,3,2,,4,2
1,2,5,1958,3,2,4,4,1
1,2,6,1972,2,2,4,1,2
1,4,4,1948,3,2,4,3,1
1,1,4,1964,3,2,4,4,1
1,4,5,1969,3,2,4,3,2
1,3,2,1938,2,2,4,2,1
1,2,2,1941,2,1,3,1,2
2,2,5,1977,2,1,3,2,1
1,,6,1964,3,2,4,1,1
1,4,4,1941,3,2,4,4,1
1,4,3,1955,3,1,3,3,2
1,1,4,1948,3,1,4,4,1
4,3,5,1983,1,2,3,1,1
2,3,6,1969,2,1,3,2,2
1,2,2,1947,2,1,2,4,2
1,3,5,1949,3,1,4,2,2
1,1,3,1954,3,1,4,4,2
1,3,3,1952,3,,4,2,1
1,4,6,1971,3,2,4,2,1
1,3,3,1960,3,3,2,4,1
1,2,2,1930,3,1,4,3,1
1,1,6,1964,2,1,3,3,1
1,4,2,1946,2,1,4,3,2
2,2,6,1966,3,3,2,1,1
1,4,5,1960,3,2,4,4,2
1,2,5,1955,3,2,4,1,1
2,3,6,1960,3,1,4,1,2
1,3,2,1961,2,1,3,4,2
1,4,5,1963,3,2,4,2,1
2,2,2,1968,3,2,3,3,1
1,3,3,1973,3,2,4,1,2
1,4,6,1934,3,2,4,1,1
1,1,5,1954,3,1,4,1,1
1,4,2,1951,3,2,4,2,1
1,3,6,1977,3,1,4,2,1
1,1,3,1936,3,1,4,4,1
1,1,5,1966,2,1,4,4,1
1,4,5,1962,3,2,4,1,1
1,1,3,1947,3,1,3,4,2
2,2,5,1977,1,2,3,3,1
1,3,5,1943,3,1,4,1,1
2,1,3,1974,3,1,3,2,1
1,2,6,1961,3,3,4,1,2
1,4,2,1958,3,2,4,3,1
2,2,2,1948,2,1,4,3,1
1,4,5,1965,3,3,4,4,1
1,4,5,1962,3,1,4,3,2
1,4,2,1965,2,3,4,2,1
1,2,6,1948,3,1,3,1,1
1,2,3,1961,3,2,4,2,2
1,3,2,1950,3,2,4,4,1
2,3,6,1973,3,2,3,4,1
1,1,3,1950,2,1,3,2,2
1,2,2,1940,3,2,4,4,2
1,2,6,1953,3,1,3,2,1
1,1,3,1960,3,1,1,4,1
1,4,2,1949,2,2,3,3,1
1,2,5,1949,3,1,4,4,2
2,2,4,1958,2,3,3,2,1
1,,3,1943,3,2,,4,2
1,2,2,1936,3,1,4,1,1
2,2,5,1967,2,1,3,2,2
1,1,6,1953,3,1,3,1,1
1,1,2,1956,3,1,2,4,2
1,4,5,1963,3,2,4,3,1
1,4,5,1967,3,2,4,4,2
1,1,6,1973,2,1,2,4,1
1,1,4,1948,3,1,4,1,2
1,2,4,1953,3,2,4,4,2
1,1,6,1972,3,2,4,1,2
2,1,2,1978,3,1,2,4,2
1,3,4,1959,1,2,3,1,2
1,2,3,1956,3,1,3,1,2
1,3,5,1963,3,1,4,3,1
1,2,3,1955,3,1,4,3,2
1,3,5,1973,2,3,3,4,2
1,3,5,1958,2,3,3,3,2
1,3,3,1968,3,2,4,4,2
1,1,4,1945,3,1,4,4,2
1,3,5,1955,2,1,4,1,1
1,4,5,1960,1,3,3,3,1
1,1,6,1987,3,1,4,2,2
1,1,3,1955,3,1,2,4,1
1,4,6,1942,3,2,4,2,1
1,2,5,1971,3,2,4,3,2
1,3,2,1957,3,2,4,1,1
1,3,3,1957,3,1,4,3,2
1,1,5,1939,2,1,2,2,2
1,2,5,1986,3,1,3,3,2
1,3,3,1962,3,3,4,2,1
1,1,5,1973,3,1,1,3,1
2,2,5,1935,3,1,3,2,1
1,4,3,1940,3,2,4,1,1
5,5,5,1956,3,2,5,5,1
1,2,5,1958,3,3,4,1,1
1,1,2,1962,3,2,4,4,2
1,4,2,1952,3,2,4,2,2
1,3,5,1974,3,2,4,2,1
1,3,5,1952,3,3,4,4,2
1,1,3,1954,3,1,4,4,2
1,4,5,1958,2,1,1,1,2
1,2,5,1949,3,3,4,3,1
1,4,2,1963,3,3,4,3,1
2,3,5,1953,3,3,4,3,2
1,2,5,1980,2,1,3,3,2
1,3,5,1974,3,1,3,2,2
1,2,5,1969,3,2,4,4,2
1,1,2,1941,1,3,4,2,2
1,1,2,1941,2,1,2,4,1
2,4,3,1960,3,2,3,2,1
1,4,6,1965,3,3,4,1,1
1,3,2,1933,3,2,4,2,2
1,3,6,1955,3,1,4,3,1
1,4,3,1951,3,2,4,2,2
1,1,6,1959,3,1,4,2,1
1,2,6,1970,2,1,3,3,1
1,4,2,1940,3,2,4,4,1
1,3,4,1960,3,2,4,4,1
1,3,3,1950,3,3,4,2,2
1,2,6,1953,2,1,4,3,2
2,3,5,1927,3,1,2,3,1
1,2,6,1962,3,1,2,3,1
1,3,4,1936,3,1,3,2,1
1,1,6,1946,2,1,2,2,1
1,4,3,1949,3,2,4,3,1
1,4,5,1946,3,2,4,3,1
1,3,2,1951,3,2,4,4,1
1,2,3,1963,3,1,4,2,2
2,2,5,1944,3,1,2,2,1
1,2,4,1959,3,1,3,3,2
1,4,5,1961,2,,2,3,2
1,4,6,1943,3,3,4,4,2
1,4,2,1952,3,2,4,4,1
1,2,6,1941,3,1,3,1,2
1,3,5,1979,3,3,4,3,1
1,4,6,1970,3,2,4,3,1
1,2,6,1985,3,2,2,2,1
1,3,6,1956,3,2,4,3,2
1,2,5,1978,3,2,4,2,2
1,2,2,1975,2,2,3,4,1
1,1,4,1950,2,1,3,2,1
2,2,5,1947,3,3,3,3,2
1,3,,1950,2,2,4,2,1
1,1,2,1940,3,2,4,4,1
1,4,5,1970,4,2,4,1,1
1,4,2,1958,3,2,3,4,2
1,2,6,1934,3,1,3,3,2
2,2,5,1970,3,1,2,1,2
1,3,5,1948,3,3,4,3,1
,1,5,1943,2,1,4,4,2
1,1,2,1956,2,2,4,3,2
1,4,2,1937,3,2,4,3,2
1,3,3,1940,3,2,4,3,1
1,4,2,1946,3,2,4,3,1
1,4,2,1933,3,2,4,3,1
1,2,6,1979,3,3,4,3,2
1,1,3,1963,2,1,4,2,1
1,3,6,1954,2,1,3,2,2
1,2,2,1975,2,2,4,4,1
1,2,3,1953,3,1,3,3,1
1,3,3,1959,3,3,4,4,1
1,1,5,1960,3,1,4,3,2
1,3,6,1951,3,2,4,4,1
1,3,5,1955,3,1,3,1,2
1,1,3,1957,3,2,3,1,2
1,4,2,1956,1,1,4,1,1
1,1,4,1973,3,3,1,3,1
1,1,5,1975,3,1,3,4,2
2,3,3,1968,3,1,3,1,2
1,1,3,1959,2,1,3,4,2
1,4,2,1949,2,1,3,1,1
1,3,6,1946,3,3,4,2,2
1,4,6,1948,3,2,4,1,2
1,2,6,1964,3,1,2,2,2
1,3,5,1955,3,1,3,2,1
1,4,5,1945,3,3,4,3,1
1,2,6,1946,3,3,4,4,1
1,4,4,1946,3,2,4,3,2
1,3,6,1972,3,2,4,2,2
1,4,6,1948,3,2,4,2,2
1,3,6,1937,3,1,3,2,2
1,3,2,1954,3,1,3,2,1
1,4,5,1957,2,1,3,3,2
1,2,6,1967,3,3,4,3,1
1,4,2,1946,3,2,4,4,2
1,4,3,1949,3,1,4,2,1
1,4,3,1952,3,2,4,3,1
1,3,4,1964,3,2,4,2,1
1,4,6,1944,3,2,4,2,2
1,4,5,1970,2,2,4,1,2
1,4,5,1949,3,2,4,2,2
1,1,5,1949,3,2,4,4,1
1,4,3,1945,3,3,4,2,1
1,4,5,1959,3,2,4,1,1
1,,6,1942,3,2,4,4,1
5,5,3,1944,3,3,5,5,1
1,2,2,1961,1,1,4,4,2
1,2,5,1963,3,1,2,3,1
1,1,6,1956,3,1,1,1,2
1,3,5,1964,3,2,4,4,1
1,1,5,1963,3,3,4,4,2
2,3,4,1939,2,1,2,1,2
1,4,6,1972,3,2,4,3,1
1,4,6,1980,2,1,4,4,1
1,4,5,1956,3,2,4,1,2
1,3,2,1958,3,1,3,2,2
1,3,5,1962,3,2,4,4,1
2,3,5,1954,3,1,3,4,1
1,2,6,1967,3,3,4,1,2
1,3,2,1963,3,2,4,2,1
1,4,6,1956,3,2,3,1,1
1,3,3,1965,2,2,4,3,2
1,1,6,1979,3,1,3,4,1
1,3,6,1968,3,2,4,2,1
1,4,4,1965,3,2,4,2,2
1,2,2,1966,4,1,4,3,1
2,2,5,1966,3,1,3,3,2
1,1,5,1969,2,1,3,4,1
1,4,3,1955,3,2,4,4,1
1,2,6,1967,3,1,3,1,2
2,,3,1957,3,2,,4,1
1,2,3,1973,3,3,3,2,1
1,4,4,1958,2,2,4,2,2
1,4,2,1972,2,1,4,3,1
1,3,5,1962,3,2,4,2,2
1,3,6,1954,3,1,4,1,2
1,1,6,1952,3,1,4,3,1
1,1,5,1964,3,1,4,2,2
1,1,5,1961,3,1,3,2,1
1,4,5,1951,2,3,4,1,2
1,1,5,1971,3,1,4,4,2
1,4,2,1949,2,2,4,4,1
1,2,3,1949,2,1,3,3,1
4,4,2,1950,2,1,1,1,2
1,1,5,1932,3,,2,4,1
1,4,2,1943,3,2,4,2,1
1,3,5,1955,3,3,4,2,1
1,2,2,1947,3,3,4,1,1
1,2,3,1936,3,1,2,2,1
1,2,5,1968,2,1,4,4,2
2,4,3,1964,3,2,3,3,2
1,1,5,1969,3,1,3,3,1
1,4,5,1953,3,1,4,3,1
1,1,5,1967,3,1,4,3,1
1,4,2,1947,1,1,2,1,2
1,4,6,1964,3,3,4,4,1
1,1,6,1972,3,1,3,3,2
1,4,3,1940,3,2,4,2,1
1,3,6,1948,3,2,4,2,1
1,4,3,1983,3,2,4,2,1
1,3,2,1958,3,2,4,2,2
1,3,3,1969,3,3,4,3,2
1,1,3,1966,3,2,4,4,1
1,1,2,1973,2,1,4,4,1
1,3,3,1967,3,2,4,3,1
1,4,4,1984,3,1,1,1,1
1,1,6,1968,2,1,4,4,1
1,1,6,1970,3,2,4,2,1
1,2,2,1940,3,3,4,3,2
1,4,6,1948,3,3,4,4,2
1,3,6,1948,2,1,2,1,1
2,3,5,1965,2,1,3,4,1
2,2,2,1931,3,1,4,3,2
1,4,2,1961,1,3,4,4,1
1,1,3,1968,3,,2,4,1
1,2,4,1949,3,1,3,3,1
1,4,2,1942,3,2,4,3,2
2,3,5,1963,3,1,2,1,1
1,1,5,1982,3,3,4,2,1
1,4,3,1959,2,2,4,2,2
1,1,6,1957,3,1,3,4,1
1,2,5,1959,3,1,4,4,1
1,4,3,1953,3,2,4,4,2
1,4,5,1951,3,2,4,2,2
1,4,3,1956,3,2,4,3,2
1,3,6,1949,3,1,2,2,2
1,3,6,1937,3,2,4,2,1
1,2,3,1946,3,1,4,1,1
2,2,6,1963,3,1,2,2,2
1,4,2,1955,3,1,4,2,1
1,3,2,1935,3,2,3,2,1
1,2,5,1953,3,1,2,1,2
1,1,6,1972,3,3,2,2,1
1,4,5,1968,3,2,4,2,2
1,3,6,1963,3,2,4,1,2
1,2,6,1969,2,2,4,4,1
2,2,3,1965,3,1,3,1,1
1,1,4,1975,3,1,3,4,2
1,3,5,1957,3,2,4,4,1
5,5,3,1963,3,1,5,5,1
1,4,5,1959,2,2,3,3,1
1,3,6,1954,3,2,4,4,1
1,2,6,1947,3,1,3,3,2
1,4,6,1967,3,2,3,4,2
1,4,2,1934,1,2,4,3,2
1,2,6,1972,3,1,3,2,1
1,4,5,1971,3,3,4,1,2
1,2,5,1950,3,1,3,4,2
1,1,1,1945,3,2,4,4,1
1,2,5,1968,3,1,3,2,2
1,4,2,1944,2,1,3,2,1
1,2,6,1953,3,1,4,4,2
1,3,3,1963,3,2,4,3,1
1,3,3,1962,3,2,4,2,2
1,2,2,1953,3,2,4,4,1
1,1,3,1947,3,1,3,4,2
1,2,3,1962,2,2,4,3,2
1,3,3,1965,3,2,4,4,2
1,2,6,1942,3,1,4,1,1
1,3,6,1957,2,3,4,3,1
1,1,6,1961,3,1,4,3,2
1,4,3,1953,2,2,,3,2
1,2,3,1946,3,1,3,4,1
1,2,3,1956,2,2,4,4,1
2,3,4,1951,3,1,3,1,2
1,1,5,1974,3,1,3,4,1
1,1,3,1964,3,1,2,4,1
1,1,5,1974,3,1,2,1,2
1,1,3,1952,3,,2,3,2
1,1,2,1931,2,1,4,3,2
1,4,2,1956,3,2,4,4,2
1,4,6,1948,3,1,3,1,2
1,3,5,1963,3,1,3,1,2
1,4,2,1949,3,2,4,4,1
1,2,4,1969,3,2,1,2,2
1,2,6,1963,3,3,2,1,2
1,3,6,1931,3,2,4,2,1
1,4,5,1971,2,1,3,3,1
2,3,2,1937,3,2,4,4,1
1,4,5,1981,2,1,4,1,1
1,3,6,1962,3,1,3,3,1
5,5,4,1963,2,2,5,5,1
1,4,3,1938,3,1,4,3,1
1,3,4,1966,2,1,4,4,2
1,1,3,1972,3,2,4,4,1
1,4,2,1949,2,1,1,1,2
1,2,5,1945,3,2,4,3,1
1,3,6,1974,3,1,2,2,1
1,2,2,1981,2,2,3,1,2
1,2,5,1967,3,1,1,4,2
1,2,5,1965,3,2,4,4,2
1,4,2,1937,3,2,4,1,1
1,2,5,1960,3,1,4,2,2
1,4,5,1949,3,2,4,2,2
1,3,2,1960,1,1,3,3,1
1,2,6,1960,2,2,4,1,2
1,2,4,1948,3,2,4,3,2
1,3,3,1977,3,2,4,3,1
,,5,1941,3,2,,3,2
1,1,5,1975,3,2,4,4,2
1,3,4,1969,3,1,3,2,1
1,4,3,1955,3,2,4,2,1
1,3,3,1950,3,2,2,2,2
1,3,5,1956,2,2,4,2,2
1,3,3,1986,2,1,3,2,1
1,3,5,1971,3,2,3,1,1
2,3,3,1979,2,2,4,1,2
1,4,3,1960,3,3,4,3,1
1,2,6,1950,3,1,4,3,2
1,3,3,1955,3,1,4,2,1
1,1,1,1953,3,1,1,3,2
1,3,6,1961,3,3,4,2,2
1,3,6,1953,3,2,4,2,2
2,2,2,1941,3,1,3,2,2
1,2,4,1956,3,1,4,4,2
1,4,6,1952,3,2,4,1,2
1,4,6,1978,3,2,4,1,1
1,4,2,1941,3,2,4,3,2
1,2,6,1968,2,1,4,4,2
1,2,5,1952,3,1,2,2,1
1,1,4,1954,3,1,4,1,2
1,4,3,1935,3,2,4,4,1
1,4,5,1954,3,2,4,4,1
2,2,5,1969,3,1,2,4,2
2,3,4,1956,2,2,4,2,2
1,4,3,1949,2,1,2,2,1
1,3,2,1944,2,3,4,2,2
1,4,4,1948,2,1,2,1,1
1,2,5,1958,3,1,4,3,2
1,4,5,1953,3,2,4,4,1
1,2,5,1973,3,2,3,4,1
1,1,5,1958,3,2,4,4,1
1,1,5,1970,3,1,3,1,1
1,3,6,1952,3,1,3,3,1
1,2,6,1967,3,1,3,3,2
1,1,4,1977,2,1,4,4,2
1,2,6,1982,1,2,4,4,1
1,2,6,1966,3,1,3,1,1
2,2,3,1955,3,1,2,3,2
1,1,2,1927,2,1,3,3,2
1,1,3,1943,3,2,4,3,1
1,1,4,1960,2,1,4,1,2
1,1,6,1958,3,2,4,4,1
1,2,5,1983,3,1,4,3,1
1,3,3,1952,3,2,4,3,1
1,1,6,1957,3,1,3,4,2
1,1,2,1946,3,1,3,4,1
1,3,5,1950,3,2,4,1,1
1,3,6,1983,2,2,4,4,1
1,3,6,1979,3,3,4,2,1
1,2,2,1956,2,1,3,1,1
1,1,5,1961,3,1,4,3,2
1,2,5,1960,3,1,1,3,1
1,2,5,1981,3,2,4,1,1
1,1,5,1956,3,3,4,4,2
1,3,5,1958,3,1,2,4,2
1,4,3,1961,3,2,4,2,1
1,3,5,1955,3,1,2,4,2
1,4,2,1963,1,3,3,1,1
1,4,3,1950,2,3,4,2,1
1,4,2,1952,3,3,4,4,1
1,3,5,1955,3,1,1,2,2
1,2,3,1958,3,1,3,2,2
1,2,3,1942,3,1,2,4,2
1,1,6,1961,3,1,4,4,1
1,3,5,1955,3,2,4,3,1
1,3,4,1947,2,1,4,3,1
1,4,5,1964,3,2,4,3,1
1,3,5,1949,3,1,4,2,1
1,3,3,1978,3,2,4,4,1
1,1,5,1949,3,1,3,2,2
1,1,2,1936,3,2,4,4,2
1,4,2,1937,2,3,4,1,2
1,3,5,1960,3,1,4,2,2
1,2,5,1962,3,1,2,2,1
2,2,5,1976,2,1,4,4,2
1,3,5,1951,3,2,4,1,2
1,4,5,1979,3,1,4,1,1
1,4,5,1961,3,2,4,2,2
1,3,6,1939,3,2,4,2,1
1,1,3,1953,3,2,4,4,2
1,3,3,1962,3,2,4,2,1
1,2,4,1967,3,2,4,3,1
1,2,5,1970,3,1,2,1,2
2,3,5,1983,2,1,3,2,2
1,2,2,1955,2,3,4,4,1
1,1,4,1976,2,1,3,1,2
1,1,6,1982,3,2,4,4,2
1,1,3,1960,3,1,4,3,2
1,4,5,1977,3,2,4,3,1
1,3,3,1943,3,1,4,2,2
1,3,5,1957,3,1,4,2,1
1,3,5,1952,3,1,4,1,2
1,1,3,1955,3,1,3,4,2
2,1,2,1961,2,1,3,3,1
1,3,5,1973,2,2,4,3,2
1,4,4,1960,2,2,4,1,2
1,4,2,1961,3,2,4,4,2
1,4,5,1973,3,2,4,1,1
1,1,5,1954,3,1,4,4,2
1,2,3,1955,3,1,4,2,1
1,1,6,1960,2,3,4,3,2
1,1,3,1971,3,1,3,4,2
1,3,2,1952,2,2,4,2,1
2,3,2,1960,3,1,2,1,2
1,1,2,1960,2,1,3,2,1
1,1,4,1943,2,1,4,4,2
1,4,3,1949,3,1,3,4,1
1,2,3,1959,3,1,3,3,1
1,3,5,1959,3,2,4,1,2
1,3,5,1948,3,3,4,3,2
1,1,6,1981,1,2,4,4,1
1,1,6,1948,3,1,3,3,2
1,1,6,1949,3,3,4,4,1
1,1,6,1961,3,2,4,4,1
1,1,5,1959,3,1,4,3,1
1,3,3,1950,3,2,4,3,1
1,4,3,1966,3,2,4,3,2
1,3,4,1956,3,3,4,3,2
2,2,3,1960,2,1,3,1,2
1,4,3,1969,2,3,4,4,1
2,2,2,1975,3,1,4,1,1
1,1,6,1986,3,1,4,4,1
1,1,6,1980,3,1,4,4,2
1,4,3,1974,3,2,4,4,1
1,2,5,1973,3,1,3,3,1
1,3,6,1966,2,1,3,2,2
1,1,4,1985,3,2,4,4,2
1,1,5,1971,3,1,4,3,2
1,2,5,1984,2,1,2,3,1
1,3,3,1949,3,1,2,2,1
1,1,5,1976,2,3,4,4,1
1,1,6,1976,2,1,4,4,1
1,1,5,1959,3,1,2,3,1
1,1,3,1978,3,1,4,4,2
1,1,5,1969,2,1,4,3,2
1,1,5,1970,3,1,2,4,2
1,2,6,1982,3,1,3,4,1
1,1,5,1986,2,1,4,3,2
1,3,6,1951,3,1,4,3,1
1,1,5,1968,2,3,4,2,1
1,1,4,1984,3,1,3,1,1
2,2,5,1983,3,3,4,3,2
1,4,4,1968,1,1,3,2,1
1,2,6,1986,1,2,4,2,2
1,2,5,1983,2,3,4,4,2
5,5,5,1981,3,3,5,5,1
2,2,6,1949,2,1,1,1,1
1,3,5,1985,3,1,3,3,1
,,3,1980,,1,,,1
1,2,5,1973,1,3,4,2,1
1,2,3,1962,2,1,3,4,1
2,4,3,1985,1,2,3,3,1
1,4,5,1978,1,1,4,3,2
1,1,6,1965,3,1,3,2,2
3,3,5,1977,2,1,1,2,2
1,1,5,1985,2,1,2,1,1
1,1,2,1964,2,1,4,4,1
1,4,2,1963,3,2,4,2,2
1,3,2,1968,2,2,4,3,2
1,2,5,1983,3,1,2,3,1
1,1,6,1977,3,1,4,4,2
2,2,3,1977,2,1,3,3,1
1,2,5,1982,3,3,4,3,2
1,1,4,1979,3,2,4,4,2
2,3,3,1986,1,1,3,3,2
1,4,2,1978,3,2,4,4,2
1,2,3,1967,3,1,4,4,2
1,1,5,1986,2,3,3,2,2
1,2,3,1975,2,2,4,3,1
1,2,5,1941,3,1,4,2,1
1,3,5,1960,2,2,4,3,2
1,4,6,1966,3,1,2,2,2
1,4,5,1963,3,2,4,4,2
2,1,5,1966,3,1,3,3,2
1,4,2,1959,3,2,4,2,2
1,4,5,1950,3,1,4,3,2
1,4,5,1969,3,2,4,3,2
2,2,4,1951,3,1,2,3,2
1,3,6,1969,3,2,3,3,2
2,3,6,1945,2,1,3,2,1
1,4,2,1951,2,2,4,4,2
1,4,5,1944,3,2,4,2,2
2,1,3,1945,2,1,3,3,1
1,2,5,1948,3,3,2,2,2
1,4,3,1965,3,2,4,1,2
1,2,5,1974,2,2,3,2,1
1,3,5,1986,3,1,4,2,2
1,2,2,1955,2,1,4,3,2
1,1,5,1954,3,1,3,1,1
1,1,6,1958,3,2,4,4,2
1,4,5,1966,3,3,4,1,1
1,4,2,1950,2,3,4,3,1
1,4,2,1974,2,3,4,2,2
1,2,5,1963,3,1,3,2,2
1,3,4,1949,3,1,3,2,1
1,1,6,1971,3,1,2,4,2
1,3,5,1933,3,1,4,2,2
1,,5,1962,2,3,,1,1
1,1,5,1953,3,1,2,4,1
1,1,6,1941,3,1,4,4,2
1,2,6,1954,3,1,3,4,1
1,3,5,1948,3,2,4,4,2
1,2,6,1968,3,1,3,3,2
1,2,4,1960,3,2,3,3,1
1,4,5,1976,3,1,4,2,2
1,1,6,1928,3,1,2,4,1
1,4,3,1950,3,2,4,3,2
1,3,2,1944,2,1,4,2,2
1,3,3,1927,2,1,3,2,2
1,3,6,1937,3,1,3,2,2
1,3,6,1967,3,1,4,1,1
1,4,2,1956,3,2,,1,1
1,1,6,1971,3,1,3,3,1
1,4,5,1948,3,1,4,1,1
1,3,4,1956,3,2,4,4,2
1,1,5,1949,3,1,3,4,2
2,2,3,1943,2,1,3,2,2
1,2,5,1965,3,1,2,3,1
1,1,5,1952,3,1,3,3,2
1,4,3,1941,3,1,3,3,2
1,3,6,1975,3,1,3,2,1
1,4,4,1953,3,2,4,2,1
1,4,2,1932,3,2,4,3,2
2,2,6,1965,2,1,2,3,2
1,2,6,1970,2,,2,3,1
1,2,5,1955,2,2,4,4,2
1,2,5,1985,3,1,1,2,2
2,2,6,1932,3,1,4,1,2
2,4,2,1943,2,1,,3,1
2,1,3,1963,3,1,3,2,1
1,3,2,1948,3,2,4,4,1
2,4,3,1949,1,1,3,3,2
1,2,5,1967,3,2,4,3,1
1,3,6,1952,2,2,4,2,2
2,3,5,1953,3,1,2,2,1
1,2,5,1948,3,1,3,2,2
1,1,5,1980,3,1,3,3,2
2,2,6,1969,3,1,2,2,1
1,1,5,1953,3,1,3,3,1
1,2,2,1955,3,1,4,1,2
1,1,6,1959,3,1,2,1,2
1,2,3,1938,3,1,3,3,1
1,2,5,1934,3,1,3,3,2
1,1,4,1964,3,1,2,3,1
1,3,6,1940,3,2,3,3,2
1,2,4,1937,3,1,3,1,2
1,2,5,1936,3,1,2,2,2
1,2,6,1949,2,2,4,3,2
1,1,5,1955,3,1,4,4,1
1,2,5,1943,2,1,4,4,2
1,1,6,1944,3,3,2,3,1
1,4,3,1948,2,1,4,3,2
1,3,6,1960,3,1,3,3,1
1,2,6,1938,3,1,1,1,2
1,1,5,1974,3,1,2,4,1
1,4,3,1964,3,2,4,4,1
1,1,3,1966,2,1,4,3,2
1,3,6,1954,3,1,2,3,1
1,2,4,1956,3,3,3,3,2
1,4,3,1964,3,2,4,3,1
1,1,5,1953,3,2,4,4,2
2,3,6,1949,3,1,4,3,2
1,1,6,1946,3,1,2,4,1
1,2,5,1955,3,1,4,1,1
1,4,5,1985,2,1,3,1,2
1,2,5,1966,2,1,4,2,1
1,1,6,1970,3,1,4,3,1
1,2,3,1948,2,3,3,1,1
1,2,5,1980,3,1,3,3,2
1,1,2,1956,1,1,4,4,2
1,2,2,1947,2,1,4,3,2
1,1,3,1942,3,1,4,3,2
1,2,3,1948,3,1,3,3,1
1,3,6,1949,3,1,1,1,2
1,2,3,1954,2,1,4,3,1
1,2,5,1964,3,2,4,4,1
2,1,5,1986,3,1,3,3,1
1,2,6,1952,3,1,2,3,1
2,1,3,1983,2,1,2,4,2
1,2,5,1982,3,1,3,4,2
2,2,6,1980,3,1,4,4,2
1,1,4,1985,3,1,4,2,1
2,2,4,1989,1,2,2,4,2
1,1,2,1972,3,1,3,4,1
2,2,6,1981,1,1,3,4,2
1,2,6,1957,3,1,2,4,2
1,4,6,1967,3,3,4,3,2
1,1,5,1982,3,1,3,2,1
1,3,5,1949,3,2,4,2,1
1,3,6,1959,3,1,3,1,2
1,1,4,1963,3,3,4,2,2
1,4,6,1955,3,2,3,3,1
2,3,6,1942,3,1,3,1,2
1,4,5,1964,2,1,1,1,1
1,1,3,1959,3,1,3,3,2
1,1,3,1964,3,1,4,4,1
1,1,6,1941,3,1,3,3,1
1,2,6,1975,3,1,3,2,1
1,4,5,1934,3,1,1,2,1
1,4,3,1941,3,2,4,4,2
2,1,4,1932,2,3,2,1,1
1,4,6,1943,3,2,4,3,2
1,1,3,1937,3,1,2,4,2
1,2,2,1951,3,1,3,2,1
2,3,6,1946,3,1,3,2,2
1,2,5,1945,3,1,2,4,1
1,2,2,1948,3,1,3,1,1
1,4,4,1953,3,1,4,3,2
1,2,2,1937,3,2,4,3,2
1,3,5,1966,2,1,4,4,2
1,4,2,1953,3,3,4,4,2
1,4,6,1961,3,2,4,1,1
1,2,6,1938,3,1,2,3,2
1,2,3,1970,3,3,4,2,2
1,1,2,1946,3,1,3,2,1
1,2,6,1965,3,1,3,1,2
1,1,5,1981,3,1,4,4,1
1,3,5,1974,3,2,4,2,1
1,1,5,1969,3,1,4,1,1
1,1,5,1977,3,1,2,3,1
3,2,3,1991,2,1,3,4,2
1,1,5,1966,3,3,4,1,2
1,4,1,1951,3,2,4,4,2
1,3,1,1947,3,3,4,3,2
1,3,5,1956,3,2,4,2,1
1,1,5,1987,2,1,3,2,1
2,1,6,1963,3,1,3,1,2
1,4,5,1972,2,2,4,3,2
1,3,6,1967,1,1,4,3,1
1,2,3,1965,3,3,4,2,1
1,3,6,1973,2,2,4,,1
1,3,5,1958,2,1,4,4,1
1,1,4,1976,3,1,3,4,2
1,2,3,1973,3,1,2,3,1
2,1,6,1951,3,1,3,2,2
1,1,6,1972,2,2,3,1,1
1,2,3,1977,3,2,3,4,1
1,4,2,1951,3,2,4,3,1
1,3,5,1954,3,,4,1,2
2,4,5,1949,3,2,3,2,1
1,1,3,1948,3,1,3,4,1
3,4,4,1959,3,1,3,3,1
1,2,5,1940,3,1,3,3,1
2,3,6,1959,2,1,3,2,2
1,3,6,1958,3,2,3,2,2
1,4,3,1955,2,1,2,,1
1,1,6,1967,3,1,2,1,1
1,3,2,1941,2,1,4,3,2
1,4,5,1956,2,2,4,3,2
1,2,3,1942,3,1,2,2,1
,1,3,1939,2,2,4,,2
1,2,3,1947,3,1,3,3,1
1,2,3,1948,3,1,4,3,2
1,4,3,1961,3,2,4,1,1
1,1,5,1980,3,1,3,2,2
1,2,3,1965,3,1,3,2,2
2,1,5,1962,2,3,3,4,2
2,2,6,1977,3,1,3,3,2
1,2,3,1963,3,1,4,3,2
1,4,6,1960,3,2,4,1,2
1,2,5,1953,3,1,4,2,1
1,3,2,1955,2,3,4,1,1
1,4,3,1951,3,2,4,4,1
1,4,5,1960,3,2,4,2,2
1,2,6,1968,3,1,3,1,1
1,1,3,1947,3,1,4,4,1
1,4,3,1956,3,2,4,1,1
1,1,5,1935,3,2,4,4,1
1,4,6,1957,3,2,4,1,1
1,4,3,1948,3,2,4,3,2
1,2,5,1953,3,1,2,1,2
1,4,5,1960,3,2,4,2,2
1,4,6,1971,3,2,4,4,2
1,4,5,1949,3,2,4,4,2
1,4,2,1951,2,2,3,4,1
1,4,5,1974,2,1,4,4,1
1,1,3,1967,2,1,3,4,1
1,4,5,1960,3,2,4,4,2
1,4,5,1979,3,2,4,4,1
1,1,5,1949,3,1,3,4,2
1,2,5,1953,3,1,2,3,1
2,2,6,1977,3,1,3,3,2
1,3,5,1946,3,2,4,2,1
5,5,6,1964,3,1,5,5,1
1,1,6,1957,2,3,4,4,1
1,1,5,1969,3,1,4,4,2
1,2,3,1966,2,1,4,4,2
1,3,5,1943,3,2,4,2,1
1,4,4,1945,3,2,4,4,1
1,4,2,1960,3,2,4,3,1
1,2,6,1951,3,1,4,2,1
1,1,5,1966,3,1,2,4,1
1,4,3,1955,3,2,4,2,2
1,2,3,1961,3,1,4,3,2
1,2,2,1973,3,1,3,3,1
1,1,3,1935,3,1,1,2,1
1,1,5,1933,3,,4,1,1
2,2,5,1952,3,1,3,2,1
1,2,3,1965,3,1,3,1,1
1,2,6,1983,3,1,3,2,1
1,4,5,1965,3,2,4,2,2
1,1,5,1962,3,1,4,1,2
1,4,3,1952,3,1,3,1,2
1,3,6,1972,3,3,4,2,1
1,2,3,1949,3,1,4,3,2
2,2,6,1953,3,1,2,3,2
1,3,5,1974,3,1,3,3,1
1,4,3,1935,3,2,4,1,1
1,1,5,1948,3,2,4,4,1
1,4,6,1983,3,2,4,3,1
1,4,3,1967,3,2,4,3,2
2,3,5,1974,2,1,3,4,2
2,1,3,1974,3,1,3,2,2
1,2,6,1967,3,1,3,4,2
1,2,5,1983,3,1,4,3,2
1,1,6,1960,3,1,3,4,2
1,4,2,1952,2,3,1,2,1
1,4,6,1939,3,2,4,3,1
1,4,2,1964,3,2,4,1,2
1,2,5,1948,3,1,3,2,2
1,1,3,1968,3,1,2,1,1
2,1,6,1975,3,1,2,1,1
1,3,5,1973,3,1,4,1,2
1,3,3,1969,3,1,3,2,1
1,1,3,1936,2,1,3,4,1
1,2,2,1952,3,1,3,3,2
2,2,3,1933,3,1,3,2,2
1,4,6,1967,3,1,4,2,1
1,3,4,1962,3,2,4,1,2
1,2,4,1963,3,2,4,4,1
1,3,3,1969,3,1,3,2,1
1,2,2,1933,2,2,4,3,1
1,4,4,1955,2,3,4,2,2
1,3,2,1967,3,2,4,2,2
1,4,5,1961,3,3,4,3,1
1,2,6,1977,3,1,3,2,2
1,1,3,1958,3,1,3,4,1
1,2,6,1982,2,2,3,4,1
1,2,4,1943,3,1,4,3,2
1,4,2,1939,3,2,4,4,2
1,1,5,1962,3,1,2,3,2
2,4,3,1963,2,3,3,2,2
1,1,6,1967,3,1,3,4,2
1,2,3,1957,3,1,1,3,2
1,1,2,1960,3,1,3,4,1
2,2,4,1965,2,1,1,1,2
1,1,3,1975,3,3,4,3,1
2,1,3,1951,3,1,2,4,2
1,4,6,1961,3,2,4,4,1
1,4,4,1955,2,1,4,3,2
1,3,5,1949,3,3,4,4,2
1,1,5,1982,3,1,3,2,2
1,1,6,1965,3,1,3,2,1
1,1,6,1960,3,1,3,4,1
2,2,3,1954,3,1,4,3,1
1,2,5,1946,3,3,4,4,1
1,3,5,1947,3,2,4,3,2
3,1,6,1980,3,1,2,4,2
1,4,2,1966,3,2,4,4,1
1,2,2,1966,3,1,3,2,2
1,3,3,1965,3,2,3,1,1
2,3,5,1962,3,3,3,2,1
,4,5,1955,3,2,,,2
2,2,5,1983,3,2,4,4,1
1,2,5,1969,3,1,3,1,1
2,2,4,1970,3,1,2,3,2
1,2,5,1945,3,1,3,1,2
1,1,6,1963,3,1,3,3,2
1,1,5,1946,3,1,3,4,2
1,2,4,1956,3,1,3,1,1
1,3,6,1943,2,1,4,3,1
1,1,6,1954,3,3,1,4,2
1,2,3,1930,3,1,3,4,1
2,2,5,1975,3,1,4,3,2
1,2,2,1941,3,1,3,2,2
1,1,6,1957,3,1,3,3,1
2,1,3,1948,3,3,3,4,1
1,2,6,1955,3,1,3,3,2
2,4,3,1976,3,2,4,3,2
1,4,2,1940,3,1,4,1,2
1,1,3,1962,3,1,2,3,2
1,4,2,1952,3,2,4,3,2
1,3,6,1984,3,1,4,3,2
1,2,2,1982,3,3,2,2,1
1,2,5,1961,2,1,2,3,1
1,2,5,1960,3,1,2,3,2
1,4,5,1943,3,2,4,4,1
1,3,6,1942,3,2,4,2,2
1,4,6,1969,3,2,4,1,2
1,1,5,1953,3,1,4,4,2
1,3,6,1948,3,1,3,2,1
1,1,6,1954,2,,3,4,2
1,4,3,1964,3,2,4,3,1
1,2,6,1955,3,1,3,1,1
1,1,3,1956,3,1,3,3,1
2,2,6,1938,3,1,3,1,2
1,4,3,1950,3,3,4,3,1
1,2,5,1986,1,1,2,4,1
1,4,3,1947,3,2,4,1,2
1,1,2,1963,3,1,2,2,2
1,2,6,1961,3,1,3,2,2
1,1,5,1963,2,1,4,2,1
1,2,3,1952,3,1,2,1,2
2,3,6,1970,3,1,3,3,1
1,3,3,1938,3,1,3,3,2
1,4,2,1933,3,2,4,4,2
1,4,5,1986,3,2,4,3,2
1,4,3,1951,2,1,4,2,2
1,4,5,1953,3,1,1,4,2
1,4,3,1964,3,2,4,2,2
1,2,2,1940,3,3,4,3,2
1,3,6,1967,3,2,4,4,2
1,1,4,1948,3,1,3,2,1
1,4,5,1978,3,2,4,4,1
1,4,3,1963,3,3,4,4,2
1,2,4,1953,3,3,3,3,2
1,4,2,1956,3,1,3,2,2
1,1,3,1941,3,1,3,4,2
1,1,5,1952,3,1,2,1,2
1,2,2,1945,3,3,3,3,2
2,4,3,1967,3,1,4,3,1
1,2,4,1946,3,1,2,3,1
1,3,3,1948,2,1,4,3,2
1,3,3,1948,3,3,4,2,1
1,1,5,1931,3,1,3,1,1
1,2,6,1958,3,1,4,2,2
1,2,2,1934,3,1,4,4,1
1,1,6,1972,3,1,1,4,2
1,1,6,1946,3,1,4,4,2
1,4,2,1944,3,2,4,1,1
1,2,5,1964,3,1,3,1,2
1,4,4,1955,3,2,4,3,2
2,4,3,1952,2,1,2,1,1
1,4,5,1962,3,2,4,1,1
1,3,6,1938,3,2,4,4,1
1,4,6,1932,3,2,4,2,2
1,2,3,1948,3,1,3,1,1
1,4,6,1956,3,3,4,4,1
1,4,6,1943,3,2,4,4,2
1,4,3,1954,3,2,4,4,1
1,3,3,1953,3,2,4,3,2
1,2,6,1958,3,2,4,4,2
1,2,2,1968,3,1,3,3,1
2,3,6,1970,3,1,2,2,2
1,3,5,1960,3,1,2,2,2
2,2,3,1964,2,1,4,2,2
1,4,2,1958,3,2,4,4,2
1,2,5,1954,2,1,4,2,1
1,2,5,1986,3,1,3,2,2
1,4,2,1962,3,3,4,4,2
1,2,3,1966,3,2,3,1,2
1,3,4,1951,3,2,4,3,2
1,4,3,1969,3,2,4,3,2
1,2,5,1958,3,1,4,3,1
1,1,5,1951,3,3,4,4,1
1,3,5,1949,2,3,4,3,2
,4,6,1968,3,2,4,2,1
1,4,6,1971,3,2,4,2,2
1,1,2,1970,3,1,4,1,1
1,2,5,1970,3,2,4,3,2
,,6,1952,3,1,3,,1
1,2,4,1958,3,1,4,4,2
1,4,4,1961,3,3,,,2
1,4,5,1966,3,2,4,3,2
1,1,4,1959,3,1,4,3,2
1,1,5,1988,2,1,4,4,1
1,4,5,1963,3,2,4,4,1
1,3,3,1962,3,2,4,1,1
1,3,6,1956,3,2,4,3,2
1,3,4,1942,3,1,3,2,2
1,3,2,1950,3,1,4,1,2
2,1,2,1988,2,1,2,2,1
2,2,3,1957,3,1,2,3,2
1,2,5,1963,3,2,4,1,1
1,2,3,1941,2,1,3,1,2
1,3,5,1949,3,1,4,2,1
1,2,6,1947,3,1,3,3,2
2,4,2,1935,3,2,4,2,2
1,4,5,1950,3,3,4,4,1
1,1,3,1961,3,3,4,3,2
1,3,5,1969,3,2,4,4,1
1,4,6,1938,2,2,,3,2
1,3,4,1957,2,2,3,3,2
2,2,2,1983,3,3,3,1,1
1,2,4,1954,3,2,4,3,1
1,4,2,1957,3,2,4,3,2
1,1,6,1984,3,3,4,4,2
1,2,2,1956,3,1,3,3,2
1,3,6,1961,3,2,4,2,2
1,4,4,1963,3,2,4,2,1
1,2,2,1934,3,1,4,4,2
1,3,2,1958,2,1,3,3,1
1,1,3,1986,3,1,1,4,2
1,2,5,1988,3,2,4,2,1
1,1,5,1964,3,1,3,3,2
1,4,6,1972,3,3,4,4,1
1,3,3,1960,3,3,4,2,1
1,2,3,1948,3,1,2,1,2
1,1,6,1970,2,1,3,2,2
1,4,5,1967,2,2,4,1,1
1,1,5,1971,3,1,1,1,2
1,1,5,1985,3,2,4,4,2
1,3,2,1946,3,3,4,4,2
1,4,6,1959,3,3,4,2,1
1,2,3,1960,3,1,4,2,2
1,2,3,1963,3,1,3,4,2
1,3,2,1954,3,3,4,2,2
2,2,3,1969,2,3,3,3,2
2,2,5,1934,3,1,2,1,2
1,4,3,1954,3,,4,4,1
5,5,5,1961,3,2,5,5,1
1,1,3,1989,3,1,4,4,1
1,2,3,1941,3,1,3,4,2
1,1,6,1941,2,1,3,1,1
3,2,3,1989,2,1,2,2,2
1,4,5,1963,3,2,4,3,2
1,4,2,1961,3,2,4,3,2
1,1,3,1941,2,3,4,4,2
1,4,5,1956,3,3,4,2,1
1,3,3,1951,3,3,3,3,2
1,4,2,1928,3,3,4,2,2
1,4,4,1974,2,3,3,3,1
1,1,5,1985,3,1,1,4,1
1,3,3,1943,3,2,4,2,1
1,3,2,1966,3,1,2,2,1
1,3,6,1977,2,2,4,2,2
2,2,5,1933,3,2,3,1,1
1,1,1,1946,3,1,1,4,2
1,4,3,1957,3,2,4,2,2
1,3,5,1967,3,2,3,4,2
1,1,6,1958,3,1,2,2,2
1,4,2,1963,2,3,4,1,2
1,1,6,1968,3,2,4,4,2
1,2,4,1968,2,1,3,4,2
2,2,5,1957,2,1,3,2,1
1,1,2,1960,3,1,2,4,2
1,,5,1956,2,1,4,,1
1,1,4,1978,3,1,4,4,2
1,4,2,1944,3,2,4,3,1
1,3,2,1935,2,1,4,3,1
2,2,4,1959,3,1,3,2,1
,1,4,1956,3,1,,1,2
1,2,4,1965,3,1,4,3,1
1,2,5,1959,3,1,3,4,2
1,2,5,1976,3,1,4,4,2
1,2,3,1963,3,1,4,1,2
1,1,6,1949,2,3,4,4,2
2,1,4,1960,3,1,3,4,2
1,2,4,1966,3,1,2,4,2
1,2,3,1956,3,2,3,2,2
1,2,3,1973,3,1,3,2,1
1,4,6,1962,3,2,4,4,2
1,4,5,1968,2,,4,1,2
2,2,4,1965,2,3,4,2,2
1,1,6,1956,3,1,2,1,1
1,4,2,1938,3,2,4,1,1
1,3,6,1954,3,2,4,1,1
1,2,5,1950,3,1,4,3,2
1,1,2,1956,3,1,4,4,2
1,1,5,1947,3,1,3,4,2
1,2,3,1971,2,1,3,2,2
1,3,5,1970,3,1,1,2,1
1,1,5,1952,3,1,3,4,1
1,3,2,1968,2,2,4,4,1
1,2,6,1967,3,1,3,1,1
1,2,6,1965,2,1,3,4,2
1,2,6,1934,3,1,3,3,1
1,2,2,1938,3,1,4,4,1
1,3,5,1958,3,2,1,1,1
1,4,2,1976,2,2,4,4,1
2,1,4,1962,3,1,3,3,1
1,4,5,1953,3,3,4,4,2
1,1,3,1956,3,1,3,4,1
1,4,3,1946,3,2,4,2,1
1,4,3,1950,2,1,2,3,1
3,3,3,1955,2,1,2,1,1
2,3,5,1971,2,2,3,4,2
1,3,5,1946,3,2,4,1,2
1,3,3,1953,3,2,4,3,1
1,2,5,1952,2,2,4,3,2
1,1,5,1970,3,1,4,4,2
1,4,2,1953,3,3,4,4,1
1,3,2,1928,3,1,4,3,1
1,2,6,1971,3,2,4,3,2
1,2,6,1969,3,2,4,2,1
2,2,1,1938,3,1,2,2,2
2,2,2,1936,2,1,3,2,1
1,4,5,1952,3,2,4,1,2
1,3,4,1960,3,1,2,3,2
1,2,6,1979,3,1,2,3,2
1,1,2,1967,3,1,2,4,2
1,3,2,1951,2,1,3,1,1
1,1,6,1965,3,2,1,1,1
1,4,6,1947,3,3,4,1,2
1,4,5,1937,3,2,4,3,1
1,2,6,1948,3,1,2,2,1
1,4,3,1961,3,1,3,2,2
1,4,5,1968,3,1,2,1,2
1,4,3,1991,3,1,4,2,2
1,2,6,1979,3,2,4,2,2
1,3,3,1959,3,2,4,3,2
1,3,6,1961,2,1,3,2,1
2,1,3,1955,3,1,2,1,2
1,1,2,1938,3,1,3,2,1
1,1,6,1947,3,1,2,,1
1,3,2,1955,3,2,4,4,2
1,1,5,1976,2,1,1,4,2
1,4,6,1962,3,1,2,1,2
1,3,2,1964,3,2,4,4,2
,2,5,1970,3,1,,4,2
2,2,3,1953,3,1,4,1,2
1,4,2,1959,3,2,4,2,1
1,4,6,1950,3,2,3,1,1
1,1,5,1976,3,1,2,4,1
1,4,3,1954,3,2,4,4,1
1,4,4,1952,3,2,4,3,2
1,1,6,1977,3,1,4,1,2
1,2,3,1960,3,2,4,4,1
1,3,2,1933,3,1,4,2,1
1,3,5,1989,2,1,3,3,2
1,3,6,1937,3,2,4,1,1
1,2,5,1975,3,1,,3,2
1,3,6,1943,3,2,4,2,2
1,2,2,1946,3,3,2,4,2
2,4,3,1954,3,3,2,1,1
1,2,5,1947,3,1,4,4,1
1,1,6,1940,3,2,3,1,1
1,4,2,1936,3,2,4,1,1
2,1,4,1965,2,1,3,2,1
1,2,6,1958,3,1,2,1,1
1,1,6,1962,3,1,1,4,2
1,3,6,1964,3,1,4,2,2
1,2,3,1938,3,1,2,3,2
1,4,3,1990,3,2,4,4,1
1,4,3,1954,3,3,3,3,2
1,4,6,1982,2,2,3,3,2
2,4,4,1944,3,1,3,1,1
1,2,2,1933,3,1,4,3,2
2,2,1,1956,3,1,3,4,2
1,2,3,1955,3,1,4,4,1
1,3,3,1964,3,2,4,2,2
2,4,5,1963,3,1,3,1,1
1,3,5,1978,3,1,4,3,1
1,2,4,1958,3,3,4,2,1
1,4,6,1966,2,1,4,4,2
1,3,3,1948,3,2,4,4,2
1,4,3,1953,3,3,4,2,2
1,4,5,1960,2,3,4,3,1
1,3,5,1959,2,2,4,3,2
1,4,5,1965,3,2,4,1,1
1,1,5,1987,2,1,2,3,2
1,3,5,1965,3,1,4,1,1
1,2,6,1948,3,1,4,2,1
2,4,5,1966,2,2,3,4,1
1,2,3,1930,3,2,4,3,2
1,4,2,1948,3,2,4,3,2
1,3,6,1966,2,3,4,3,1
1,1,4,1963,3,1,4,3,1
1,2,3,1962,3,1,3,1,2
1,1,5,1986,3,1,4,4,2
1,4,1,1933,3,2,4,4,1
1,1,2,1953,3,,4,4,2
1,4,5,1957,3,2,4,2,1
1,3,6,1982,3,2,3,2,2
2,4,4,1951,3,2,3,2,1
1,1,2,1942,3,1,4,2,2
1,1,2,1939,3,2,4,2,1
1,4,4,1958,2,1,3,2,2
1,4,5,1985,3,2,4,2,1
1,3,4,1971,3,2,4,3,1
1,3,3,1989,3,1,2,2,1
1,3,3,1962,3,2,4,3,1
1,4,3,1952,3,1,4,4,2
1,4,5,1980,3,2,4,3,2
2,3,5,1975,3,2,3,2,1
1,4,2,1951,2,1,4,3,2
1,1,3,1968,3,1,3,2,1
2,4,5,1957,2,3,3,2,1
1,2,3,1952,3,3,4,3,1
1,4,2,1948,3,3,3,1,1
1,3,2,1946,3,3,4,1,2
,2,6,1953,3,1,,1,1
1,4,5,1946,2,2,4,3,1
1,,5,1959,2,1,4,4,2
1,4,5,1979,2,3,3,1,1
1,3,6,1959,3,1,4,3,1
1,4,3,1967,2,2,4,4,1
1,3,2,1959,3,2,3,2,1
1,3,6,1952,3,1,4,1,2
1,2,5,1959,3,1,4,4,2
1,4,4,1960,2,2,3,1,1
1,4,2,1961,3,2,4,2,2
1,1,6,1970,3,1,2,4,2
1,4,3,1962,3,2,4,1,2
1,1,2,1963,3,3,4,1,2
1,4,6,1956,3,3,4,1,2
1,1,2,1942,2,1,2,4,2
1,3,5,1948,3,2,4,3,2
1,1,2,1945,3,3,4,4,2
1,1,3,1953,3,1,3,4,2
1,2,2,1947,3,1,2,2,2
1,2,6,1954,3,1,3,1,1
1,2,2,1946,2,1,3,4,2
1,4,3,1969,3,2,4,1,1
1,2,5,1958,3,2,4,4,1
1,4,4,1950,2,2,2,1,1
1,4,3,1957,3,3,4,1,2
1,1,2,1963,2,1,4,4,1
1,3,5,1983,2,2,4,2,1
1,3,3,1968,2,2,4,3,2
1,3,3,1986,1,3,4,3,1
1,4,3,1962,3,2,4,1,1
1,1,3,1954,3,3,3,1,2
1,4,2,1959,2,1,3,1,2
1,3,6,1950,3,2,4,4,2
1,2,2,1942,2,1,3,3,1
1,,6,1936,3,2,4,4,2
1,1,5,1954,3,1,3,4,1
1,2,2,1948,3,3,4,2,2
1,3,5,1968,3,2,3,2,2
1,2,5,1960,2,1,4,4,2
1,2,2,1948,3,2,4,3,1
1,3,4,1964,2,2,4,3,1
1,2,4,1929,3,1,3,3,2
1,3,5,1949,3,1,3,2,1
1,2,3,1948,3,1,4,3,2
1,2,5,1937,3,1,4,1,1
1,3,3,1932,2,2,4,3,2
1,3,2,1939,2,2,4,3,1
1,1,4,1960,3,3,4,1,2
1,1,4,1951,3,2,4,3,1
2,2,6,1961,3,1,2,1,1
1,4,3,1957,2,2,4,3,2
1,4,5,1954,3,2,4,2,2
1,4,5,1971,3,1,3,1,1
1,2,6,1936,3,1,3,3,1
1,1,6,1954,3,1,3,4,1
1,1,3,1935,3,1,2,3,2
1,2,5,1970,2,1,4,4,2
1,1,6,1964,3,1,4,4,2
1,1,5,1954,3,1,4,4,2
1,4,2,1948,3,1,3,1,1
1,4,4,1953,2,2,4,4,2
1,2,5,1943,3,2,4,4,1
3,2,5,1960,1,3,2,2,2
1,4,3,1971,3,1,4,4,2
1,1,3,1964,3,1,4,3,2
1,3,2,1941,3,1,4,3,2
1,4,5,1971,1,1,4,4,2
1,2,5,1986,3,1,1,4,1
1,2,2,1975,2,3,4,3,1
1,2,5,1960,3,3,2,2,1
1,1,5,1962,3,1,4,4,1
1,4,3,1946,3,2,4,4,1
1,4,3,1960,2,2,3,4,1
1,2,2,1937,3,1,4,3,1
1,4,3,1956,3,2,4,3,2
1,2,4,1949,3,1,2,2,2
1,4,5,1944,3,2,4,3,2
1,1,6,1981,3,3,4,4,1
1,1,4,1938,3,1,4,4,1
1,1,3,1938,3,1,2,4,1
1,1,6,1952,3,1,2,1,2
1,2,2,1940,3,1,4,3,2
1,1,2,1951,3,1,3,4,2
1,1,5,1934,3,1,2,4,1
2,3,3,1953,2,1,3,3,1
1,2,5,1973,3,1,2,4,2
1,3,6,1964,2,3,4,4,1
1,3,5,1953,3,1,4,3,1
1,2,5,1933,3,1,3,4,2
1,4,3,1947,2,1,4,4,1
1,1,5,1984,2,1,2,4,1
1,2,2,1963,2,1,4,3,2
1,1,5,1939,3,1,3,4,1
1,3,6,1957,3,1,4,2,2
1,2,2,1963,2,2,4,3,2
2,2,5,1939,3,3,3,2,1
1,2,2,1956,3,1,4,4,1
1,2,3,1968,3,1,2,2,1
1,2,6,1939,3,1,3,4,2
1,2,5,1984,3,2,3,2,1
1,2,3,1936,3,1,2,4,2
1,3,2,1965,3,2,4,2,1
1,2,2,1956,3,1,3,4,2
1,1,3,1970,2,1,3,2,1
1,3,6,1951,3,2,4,3,2
1,3,4,1951,2,3,4,2,1
1,2,5,1963,3,3,4,3,1
1,1,6,1967,3,3,4,2,2
1,2,5,1965,3,3,1,1,1
1,1,5,1969,3,1,3,3,1
1,4,5,1946,3,3,4,4,2
1,4,2,1943,2,1,4,2,1
1,4,6,1955,3,2,4,2,2
1,1,5,1937,2,1,4,4,1
2,1,5,1971,3,1,3,2,2
1,1,5,1962,3,3,3,4,1
1,4,5,1962,2,2,3,4,2
1,2,5,1968,3,1,4,3,1
1,3,6,1955,3,1,3,3,1
2,4,3,1943,2,2,4,3,2
1,2,4,1961,3,3,4,1,2
1,4,6,1955,3,3,4,2,2
1,3,3,1983,2,,2,2,2
1,2,6,1965,3,2,2,4,2
1,3,1,1959,2,3,4,2,2
1,2,6,1967,3,3,4,3,1
1,1,2,1947,3,1,2,1,2
1,3,6,1985,3,2,4,1,2
1,4,5,1973,2,1,3,2,1
1,3,2,1950,2,3,4,2,2
2,1,5,1976,2,1,3,3,1
1,4,3,1960,3,2,4,3,1
1,4,5,1977,3,2,4,2,2
1,4,3,1956,4,3,4,1,2
1,3,5,1981,3,2,4,3,1
2,1,6,1983,3,3,3,4,2
1,1,6,1983,2,1,4,4,1
1,1,5,1964,2,2,4,1,1
1,2,3,1942,3,1,3,3,1
2,1,2,1932,3,1,3,4,2
1,1,5,1944,3,2,4,4,1
1,1,5,1964,3,1,2,1,2
1,1,6,1958,2,1,3,4,1
1,1,6,1960,3,3,3,1,1
1,2,5,1946,3,1,3,2,2
1,3,,1975,1,2,4,3,2
1,1,1,1960,3,3,4,4,2
1,2,3,1948,3,1,4,2,2
1,4,4,1963,3,3,4,1,1
1,2,6,1957,3,3,3,3,1
1,3,2,1969,3,1,3,3,2
2,,6,1964,3,1,1,,1
1,2,6,1966,2,1,1,3,1
1,4,2,1931,3,3,3,3,1
1,3,6,1966,3,2,4,3,1
1,1,2,1948,1,1,4,4,1
1,4,3,1954,3,2,4,4,2
1,2,6,1948,3,1,3,3,1
1,4,2,1937,3,1,1,1,1
5,5,3,1968,2,1,5,5,1
1,2,5,1967,2,1,2,4,2
1,1,5,1964,3,1,2,1,2
1,3,6,1959,3,2,4,2,2
1,2,6,1947,3,1,2,1,1
1,4,6,1949,3,2,4,1,2
1,3,6,1975,3,,3,3,2
1,4,5,1943,3,3,4,1,2
1,4,2,1933,3,2,4,4,2
1,1,4,1967,3,1,4,4,2
1,3,3,1953,3,3,4,1,2
2,1,4,1989,2,1,3,3,2
1,3,2,1946,3,2,4,3,1
1,1,4,1973,2,1,2,4,1
1,2,5,1963,3,1,2,3,1
2,1,5,1961,3,1,3,4,2
5,5,4,1954,3,2,5,5,1
1,2,5,1969,3,1,4,3,1
1,1,5,1984,2,1,4,4,1
1,2,2,1951,2,2,4,3,2
1,4,3,1970,3,2,4,3,2
1,4,5,1962,3,2,4,1,2
1,1,3,1976,3,3,4,1,1
2,2,2,1959,3,1,2,4,2
1,2,5,1968,3,2,4,3,2
1,2,5,1980,3,2,4,3,1
1,4,3,1974,3,2,4,3,2
1,1,3,1939,3,1,2,4,2
1,4,3,1965,3,2,4,2,2
1,3,2,1952,3,3,4,2,2
1,1,6,1946,3,1,4,4,1
1,4,2,1949,3,2,4,2,2
1,1,3,1968,3,1,1,4,1
1,4,3,1945,3,2,4,3,1
1,4,5,1939,3,3,4,1,2
1,1,3,1972,3,2,4,4,1
1,3,2,1940,3,2,3,4,2
2,1,3,1941,3,2,4,4,1
1,4,3,1985,2,2,4,4,2
1,3,5,1951,3,3,4,3,1
1,2,3,1929,3,1,3,1,2
2,3,3,1950,2,1,2,3,2
1,4,5,1962,3,2,4,3,2
1,1,6,1966,3,1,2,4,2
1,2,3,1957,2,2,2,1,2
1,1,1,1958,3,1,4,4,2
1,2,2,1954,3,1,4,3,1
1,1,5,1952,3,1,4,3,1
1,4,5,1945,3,2,4,1,1
1,3,3,1968,2,2,3,2,1
2,2,4,1978,3,1,2,2,2
1,4,1,1933,2,2,4,2,1
1,1,5,1981,3,3,4,4,2
1,1,5,1949,3,3,3,4,1
1,3,5,1950,3,1,4,1,1
1,2,5,1965,3,1,3,3,2
1,4,5,1965,3,2,4,1,2
1,1,3,1966,3,1,1,1,1
1,2,5,1955,3,1,3,1,1
1,4,5,1954,3,3,3,1,1
1,4,3,1984,3,2,4,4,2
1,4,5,1968,3,2,4,3,1
1,3,5,1955,3,2,4,1,1
1,2,3,1948,3,1,2,2,1
1,3,6,1951,3,1,4,2,1
1,4,3,1949,3,1,4,3,1
1,1,5,1964,3,1,3,1,2
1,3,3,1958,3,1,3,1,2
1,1,6,1955,3,1,3,3,2
2,1,3,1990,2,1,3,3,1
1,2,4,1960,2,1,4,2,2
1,4,6,1934,3,2,3,1,2
2,2,5,1947,3,1,3,3,2
1,2,2,1948,3,1,3,2,1
1,4,6,1947,2,1,3,1,2
1,1,2,1943,3,2,4,4,2
1,1,5,1949,3,1,4,4,1
1,1,3,1938,3,1,3,4,1
1,1,5,1958,3,1,3,2,2
1,4,6,1954,3,2,4,4,2
1,3,5,1951,3,1,4,3,2
1,1,4,1957,3,1,3,2,2
1,2,5,1962,3,1,1,3,1
1,2,3,1947,3,1,2,3,1
1,3,3,1967,2,2,4,2,1
2,1,5,1983,3,3,2,1,1
1,4,6,1960,3,3,4,3,1
1,1,6,1955,3,3,2,1,1
2,3,3,1946,2,1,3,4,2
1,2,3,1933,3,3,3,3,1
1,4,4,1957,3,2,4,4,2
2,3,6,1944,3,1,3,2,2
1,2,6,1935,3,1,2,4,2
2,1,6,1979,3,1,2,2,1
1,1,3,1960,3,1,2,4,2
1,2,5,1964,3,1,4,3,2
1,1,6,1947,3,1,4,3,2
1,2,3,1951,2,3,4,3,2
1,4,5,1940,3,1,4,1,2
1,4,5,1949,3,2,4,2,2
1,2,6,1946,3,3,4,3,1
1,2,6,1964,3,1,1,1,1
1,4,4,1953,3,2,4,4,1
2,1,3,1963,2,2,3,4,2
1,1,2,1966,3,2,4,4,2
1,3,6,1948,3,2,4,3,1
1,1,3,1948,3,1,3,3,2
2,1,5,1983,3,1,1,3,1
2,1,5,1968,2,1,3,4,1
1,1,4,1960,2,1,3,3,2
1,2,6,1959,2,1,3,4,1
1,4,5,1963,3,2,4,3,2
1,4,3,1953,3,2,4,2,2
1,3,2,1958,3,3,1,1,2
1,4,4,1951,3,2,4,2,2
2,3,6,1945,3,1,3,3,1
1,2,5,1945,3,1,3,1,2
1,2,6,1942,3,1,4,3,1
1,2,6,1948,3,2,4,3,1
1,4,5,1947,3,2,3,4,2
1,3,6,1940,3,2,4,3,2
2,2,5,1948,3,1,3,2,2
2,3,5,1968,2,1,1,3,1
1,4,5,1950,3,3,4,4,1
1,4,3,1942,3,2,4,4,1
1,3,4,1948,3,1,3,1,1
1,1,5,1982,3,1,3,4,2
1,1,5,1968,3,3,4,1,1
1,4,3,1958,3,3,4,3,1
1,4,6,1954,3,2,4,3,2
1,3,2,1931,3,1,3,3,2
1,3,3,1954,3,1,4,4,1
1,1,6,1957,3,1,4,4,2
1,4,5,1943,2,2,4,4,2
1,2,3,1948,3,1,4,4,1
1,1,2,1940,3,3,4,2,1
1,4,1,1931,3,2,4,2,1
1,4,5,1975,2,2,4,1,2
1,4,4,1965,3,2,4,1,1
1,4,2,1983,3,3,4,3,1
1,2,6,1972,2,1,1,3,2
1,4,3,1954,2,2,4,4,1
1,3,6,1961,3,1,3,3,1
1,1,3,1953,3,1,3,3,2
1,2,6,1945,3,2,4,4,2
3,3,3,1976,2,1,2,1,1
1,2,3,1964,2,,4,1,2
2,4,1,1954,2,2,3,3,1
2,2,5,1966,2,2,3,2,1
1,3,2,1957,3,1,3,3,2
1,4,6,1942,3,2,4,2,2
1,3,6,1950,3,3,4,3,2
1,4,1,1957,3,2,4,4,1
1,3,3,1932,3,2,4,3,1
1,2,4,1956,3,3,3,3,1
1,3,5,1972,3,2,4,3,1
1,2,5,1965,3,1,4,1,1
1,4,2,1950,3,2,4,2,1
1,3,2,1960,3,2,3,3,1
1,3,2,1956,3,1,4,2,1
1,4,4,1973,3,3,3,1,2
1,2,6,1946,3,1,2,4,1
1,3,5,1970,3,2,4,4,2
1,3,6,1937,3,1,3,3,1
1,1,2,1969,3,1,4,1,2
1,2,5,1963,2,1,2,1,2
1,2,6,1963,3,2,4,4,2
1,4,2,1970,3,1,4,4,2
2,1,2,1942,3,1,1,1,2
2,2,5,1954,2,1,3,1,1
2,2,3,1990,2,1,3,4,1
1,1,4,1977,3,1,4,4,2
1,1,6,1957,3,1,3,3,2
1,3,4,1972,2,1,3,2,1
1,4,5,1945,3,2,4,4,1
1,1,5,1948,2,2,4,4,2
1,2,3,1943,3,1,1,3,1
2,4,3,1955,2,2,4,4,2
1,2,2,1947,3,2,4,3,2
1,2,2,1946,3,2,4,3,2
1,3,2,1944,3,2,4,3,1
1,3,3,1954,3,1,2,2,1
1,1,5,1955,3,1,2,3,2
1,3,3,1964,3,1,4,4,2
1,3,3,1954,2,1,4,2,2
1,4,3,1955,3,1,4,1,1
1,2,2,1979,2,3,4,2,2
2,2,3,1957,3,1,2,1,1
1,1,5,1940,2,2,4,4,1
1,2,5,1972,3,1,3,3,1
1,2,5,1942,3,1,3,2,2
1,3,6,1960,3,2,4,2,2
1,4,3,1991,4,3,4,1,2
1,2,3,1954,3,1,3,3,2
1,2,5,1957,2,1,3,3,1
1,4,2,1940,3,2,4,4,2
1,1,3,1964,3,1,2,4,2
2,2,5,1956,3,1,3,1,1
1,4,6,1940,3,2,4,3,1
1,2,3,1953,3,3,3,2,1
1,4,5,1955,3,3,4,4,2
1,2,5,1969,3,1,4,3,1
1,3,2,1943,3,1,2,3,2
1,1,5,1942,3,1,4,1,2
1,4,5,1968,3,1,3,1,1
1,2,5,1966,2,2,3,2,1
1,2,4,1938,3,1,2,2,2
1,1,5,1949,3,1,2,4,2
2,1,6,1988,3,1,3,4,1
1,3,2,1936,3,1,4,3,1
2,1,2,1954,2,1,3,2,2
1,4,3,1948,3,3,4,2,1
1,4,3,1943,3,2,4,3,2
1,2,3,1973,2,1,4,3,1
1,3,6,1941,2,1,2,2,1
1,4,6,1955,3,2,4,1,1
1,4,6,1967,3,2,4,2,1
1,2,5,1963,2,1,4,3,2
1,2,2,1942,3,1,4,3,1
1,2,2,1956,2,2,4,4,1
1,4,6,1940,3,2,4,4,2
1,1,6,1977,3,3,4,4,1
1,3,2,1948,2,1,3,2,1
1,3,2,1953,2,1,4,4,2
1,3,4,1964,2,2,4,2,1
1,1,2,1948,1,1,3,4,2
,4,2,1953,2,1,,,1
1,1,3,1940,2,1,4,4,1
1,1,2,1965,2,2,3,3,2
1,3,5,1938,3,1,4,2,2
,,2,1964,2,1,3,4,1
2,4,5,1965,2,2,3,3,1
1,3,3,1930,3,2,4,4,1
1,4,6,1963,2,2,4,2,2
1,2,5,1955,2,1,3,2,1
2,3,2,1942,2,1,3,2,2
1,3,2,1944,2,2,4,4,1
1,2,3,1970,3,1,4,3,1
1,4,5,1955,3,3,4,4,2
1,4,3,1953,3,3,4,2,2
1,2,5,1974,2,1,3,3,2
1,3,6,1953,2,2,4,2,2
1,3,2,1957,3,2,4,,1
1,3,4,1971,2,2,4,3,2
1,4,5,1957,3,2,4,2,2
1,2,4,1958,3,2,4,3,1
3,3,1,1974,1,,2,2,2
1,4,3,1950,1,3,3,2,2
2,4,2,1950,1,1,2,2,1
1,2,3,1952,2,1,3,2,1
1,3,2,1956,1,1,3,3,1
1,4,2,1984,2,2,3,2,2
2,3,2,1949,3,1,3,2,2
2,3,4,1962,1,1,3,2,2
2,2,5,1981,4,1,3,3,2
1,1,5,1958,3,1,3,3,2
1,1,2,1943,2,1,4,4,1
2,1,3,1967,4,3,4,4,2
1,4,2,1945,3,2,4,3,1
1,4,2,1957,2,2,4,1,2
1,4,2,1965,3,2,4,3,1
1,2,6,1958,3,3,2,1,2
1,3,2,1949,2,2,4,3,2
1,1,3,1943,2,3,4,4,1
1,3,2,1944,1,2,4,2,2
1,3,2,1973,2,3,3,2,1
1,4,2,1935,2,1,3,1,1
1,4,2,1945,1,3,4,1,2
1,4,2,1948,2,3,3,2,1
1,2,6,1972,2,1,3,3,2
,4,2,1943,3,2,3,2,2
1,4,2,1965,3,2,4,4,2
1,3,1,1927,3,2,4,2,2
1,2,3,1951,2,2,4,3,2
1,2,6,1949,3,2,3,1,2
1,4,2,1959,2,2,2,3,1
1,2,1,1957,2,3,3,3,1
1,2,2,1958,2,2,4,3,2
1,3,4,1957,1,3,4,3,1
1,4,2,1953,2,1,4,4,2
1,2,6,1974,1,2,3,3,1
1,1,5,1964,2,1,4,4,2
5,5,2,1953,2,1,5,5,1
1,4,1,1923,3,2,3,3,2
1,2,5,1948,2,1,4,3,2
1,3,3,1958,3,1,4,2,1
1,3,3,1966,2,2,4,2,1
1,2,2,1962,3,1,3,4,1
1,3,2,1937,3,2,3,3,1
1,1,2,1943,3,1,4,4,2
1,2,3,1972,3,1,3,3,2
1,3,3,1965,3,2,4,1,2
1,4,2,1956,2,2,4,2,2
2,2,5,1945,3,1,4,,1
1,3,5,1962,3,2,4,4,2
1,2,2,1946,2,1,4,2,2
1,4,5,1962,3,1,4,1,2
1,2,3,1974,2,1,3,1,2
1,3,6,1949,3,2,4,2,2
1,2,2,1959,1,3,4,4,2
1,1,3,1962,2,1,4,3,2
1,2,4,1958,1,1,4,2,2
1,2,2,1959,1,3,3,3,2
2,1,6,1982,1,1,2,4,1
1,2,2,1948,3,1,4,4,1
1,4,6,1952,2,3,4,3,1
1,4,3,1957,3,1,2,2,2
1,4,2,1964,1,2,3,1,1
1,2,2,1957,2,1,4,3,2
1,1,5,1963,3,1,4,4,2
1,2,5,1970,2,2,4,2,1
1,4,4,1974,2,2,4,4,1
1,4,5,1975,3,1,4,1,1
1,3,2,1964,3,1,3,3,1
1,1,3,1962,3,1,2,4,1
2,4,4,1949,2,3,4,1,2
1,4,2,1955,2,2,4,4,2
1,2,3,1966,2,1,4,3,2
1,2,2,1938,1,3,4,3,1
1,3,2,1957,2,3,4,,1
1,1,5,1988,3,1,3,4,2
1,2,5,1945,3,2,4,3,2
1,1,2,1938,3,2,4,4,1
1,1,5,1957,3,1,4,3,1
1,2,2,1957,2,,4,4,2
1,2,2,1965,2,1,3,3,2
1,3,2,1955,3,1,3,3,2
1,2,2,1970,2,2,4,2,1
1,4,2,1955,3,2,4,1,1
1,4,4,1964,3,2,4,3,1
1,4,2,1953,3,3,4,4,1
1,1,2,1973,2,1,3,1,1
1,3,2,1957,3,1,3,2,2
1,2,5,1957,3,1,3,3,2
1,1,5,1971,2,1,3,4,2
1,4,1,1939,3,1,3,1,1
1,2,2,1942,3,2,4,4,1
1,4,2,1960,1,3,4,4,2
1,2,3,1970,3,3,4,3,1
1,4,2,1956,2,2,4,3,1
2,3,2,1959,3,3,4,2,1
1,3,3,1948,1,1,4,3,2
1,3,5,1954,2,3,4,2,2
1,2,2,1937,2,1,4,4,1
1,4,6,1988,2,1,3,1,2
1,1,2,1969,2,1,4,2,1
1,4,2,1968,2,2,3,4,2
2,1,3,1965,3,1,3,3,2
1,4,2,1942,3,1,4,2,2
1,3,3,1972,2,1,3,2,2
1,4,2,1947,2,2,4,3,1
1,3,2,1967,2,1,4,,1
1,1,5,1966,3,1,2,4,1
1,3,1,1947,1,3,4,3,2
1,3,2,1943,2,2,4,1,1
2,4,2,1971,1,3,3,1,2
2,2,3,1957,2,1,3,3,1
1,3,2,1936,3,2,4,2,1
1,4,2,1941,3,2,4,4,1
1,3,2,1962,2,2,4,3,2
2,3,2,1938,2,2,3,3,1
1,2,2,1953,2,2,4,2,1
2,2,5,1960,3,2,4,3,2
1,4,2,1943,2,1,4,3,2
1,2,2,1960,2,1,4,3,2
1,3,6,1956,3,1,4,1,1
1,3,2,1941,2,2,4,3,1
1,3,4,1976,3,2,4,2,1
1,4,5,1965,3,2,4,4,1
1,3,2,1942,2,2,3,2,1
2,3,2,1950,1,3,3,2,1
1,2,5,1962,2,3,4,3,1
1,1,2,1963,2,2,4,4,1
1,2,2,1946,2,1,3,3,2
1,2,2,1962,2,1,4,3,1
1,4,4,1962,3,1,2,3,1
1,4,2,1950,2,1,4,3,1
1,3,1,1956,2,2,3,2,2
1,2,5,1988,2,1,3,3,2
1,1,3,1982,1,1,4,4,2
1,4,2,1966,2,1,3,2,1
2,4,2,1958,3,2,4,1,2
1,4,2,1949,2,3,4,3,1
1,4,2,1957,1,1,3,3,2
2,2,2,1963,2,1,3,3,2
1,3,2,1960,2,3,3,3,1
1,4,2,1948,3,1,4,1,1
1,2,2,1978,2,3,4,2,2
1,2,2,1959,2,1,4,2,2
1,1,6,1963,2,3,3,3,1
1,4,2,1971,2,2,4,3,2
1,1,5,1956,3,3,4,4,1
1,3,6,1957,3,2,4,4,2
1,1,2,1941,3,2,4,4,2
1,3,2,1943,2,1,4,2,2
2,3,2,1959,1,2,3,3,1
1,2,6,1976,2,1,4,3,1
1,1,3,1960,3,1,4,2,2
1,1,5,1942,3,1,4,3,1
2,2,3,1977,3,3,4,3,2
2,4,1,1961,2,1,2,3,2
1,3,3,1962,2,2,4,2,2
1,3,6,1962,2,1,3,3,2
1,2,4,1961,2,1,3,3,2
1,1,2,1951,2,1,3,2,1
1,4,2,1954,2,1,4,1,2
1,2,2,1939,2,1,4,4,1
1,4,6,1977,3,2,4,3,2
1,3,6,1964,2,1,4,2,1
1,4,2,1960,2,1,4,3,1
1,3,2,1934,1,2,3,2,1
1,4,2,1957,2,2,4,2,2
2,4,2,1937,2,2,4,4,1
1,4,5,1945,3,1,3,1,1
1,4,3,1957,2,1,3,3,2
1,4,2,1949,1,1,3,1,1
1,2,2,1956,3,1,4,4,1
1,1,2,1962,2,1,4,3,2
1,4,2,1963,1,2,4,2,1
1,2,2,1948,2,2,4,3,2
1,1,5,1970,3,1,4,3,2
1,2,3,1965,2,1,4,3,1
1,2,2,1948,2,1,3,3,1
1,4,2,1958,1,1,4,2,2
1,3,2,1945,2,2,4,2,1
1,4,3,1966,3,1,2,1,2
1,2,4,1971,2,1,3,3,1
1,2,2,1941,3,2,4,3,1
1,2,2,1953,3,1,4,1,1
1,4,2,1957,2,1,3,1,1
2,3,2,1949,1,1,4,2,1
1,4,2,1945,2,2,4,3,2
1,4,3,1960,2,1,4,2,2
1,4,3,1955,3,2,4,3,1
1,1,2,1956,3,2,4,4,1
1,2,2,1960,2,2,4,3,1
1,1,2,1959,2,1,4,4,1
3,1,2,1936,3,1,3,2,1
1,3,5,1963,2,1,4,2,1
1,4,2,1958,2,2,4,4,2
1,4,3,1961,2,,4,3,1
1,1,5,1968,2,3,3,4,1
1,1,4,1957,3,1,4,3,2
2,,2,1960,1,2,3,1,2
1,1,5,1975,2,1,4,4,1
1,3,2,1958,2,2,3,3,1
1,4,6,1950,3,1,4,3,1
1,1,2,1951,2,1,4,4,2
1,4,3,1968,2,1,3,2,1
1,2,3,1982,3,3,4,1,1
1,2,3,1971,3,1,4,3,2
1,2,2,1958,2,3,4,4,2
1,1,2,1972,2,1,4,4,2
1,3,2,1959,2,2,4,3,2
1,1,2,1949,2,1,4,4,1
1,4,3,1973,1,3,4,1,2
1,2,2,1967,2,1,3,4,1
1,3,2,1958,2,1,4,2,1
1,2,2,1937,3,1,3,3,1
1,2,3,1980,3,3,4,4,1
1,2,2,1962,2,1,4,3,2
1,3,6,1976,3,3,3,3,2
1,4,4,1953,3,1,3,3,2
1,3,2,1958,2,2,4,2,1
1,4,3,1954,2,3,4,1,2
1,4,4,1950,2,3,4,1,2
1,3,2,1960,2,1,4,2,1
1,4,2,1946,3,2,4,3,1
1,3,2,1960,1,3,4,2,1
2,3,2,1963,1,2,3,3,2
1,4,2,1948,3,2,4,4,1
1,4,2,1952,2,1,4,3,2
1,4,2,1957,2,2,3,1,1
1,3,2,1949,3,2,4,2,1
2,2,2,1981,3,1,2,2,1
1,,2,1942,2,2,4,4,2
1,3,3,1966,1,2,4,4,2
1,2,2,1963,2,1,4,3,1
1,4,2,1941,3,2,4,3,2
1,2,2,1941,2,2,4,3,2
2,4,2,1946,3,2,4,3,1
1,3,4,1960,2,1,3,2,2
,4,2,1941,3,2,,3,2
1,2,2,1941,1,1,4,4,1
1,2,2,1958,1,1,4,3,1
1,3,2,1965,2,2,3,4,2
1,3,2,1942,3,1,4,3,2
1,2,2,1962,1,1,4,4,2
1,1,2,1950,3,1,3,4,1
1,3,2,1936,3,1,4,3,1
1,1,6,1962,3,1,4,1,2
1,3,2,1942,2,3,4,3,2
1,3,2,1949,2,2,3,2,2
1,3,2,1946,2,1,4,2,1
1,3,4,1957,3,3,4,3,2
2,4,2,1945,2,2,3,2,1
2,4,2,1939,2,1,3,1,2
1,3,2,1947,2,2,4,4,1
1,3,5,1964,2,2,3,1,1
1,2,2,1966,1,1,3,3,1
2,1,2,1971,1,1,2,3,1
1,4,2,1955,2,1,4,4,1
1,2,2,1966,2,2,4,2,1
1,2,6,1971,3,1,4,3,2
1,3,2,1946,2,3,4,2,2
2,2,2,1977,2,3,3,4,1
2,2,5,1971,2,1,3,3,1
1,4,5,1954,2,1,4,1,1
2,1,2,1943,3,1,3,3,2
1,4,2,1959,1,2,4,1,1
1,4,2,1959,3,2,3,1,2
1,4,2,1945,1,1,4,3,2
1,2,2,1955,2,2,3,3,1
1,2,5,1971,2,1,4,4,2
1,2,3,1966,3,2,4,4,1
3,4,2,1952,1,3,2,2,1
,,2,1943,2,2,,2,2
2,4,3,1964,1,1,4,4,1
1,4,2,1941,3,2,4,1,1
1,2,2,1935,3,2,4,3,1
1,4,3,1970,2,1,4,4,2
2,3,2,1949,2,1,3,3,2
1,3,2,1948,2,3,4,2,2
1,2,2,1942,3,2,4,3,1
1,2,5,1964,3,1,4,3,2
1,2,2,1938,2,1,,4,1
1,3,2,1940,2,1,4,2,2
1,4,2,1961,1,3,4,3,1
1,2,5,1955,3,1,3,3,1
1,4,4,1958,3,1,4,1,2
1,3,4,1954,1,3,4,2,2
1,1,2,1947,2,1,4,1,1
1,3,2,1936,2,1,4,3,2
1,4,2,1956,2,1,4,1,2
1,4,2,1953,1,2,4,3,2
1,3,2,1951,2,1,4,2,1
1,3,6,1970,3,3,4,3,2
1,3,2,1949,2,1,4,2,1
1,,3,1957,2,,4,,1
1,4,1,1951,1,1,4,2,2
1,2,5,1951,3,1,4,3,2
1,2,2,1929,3,1,4,4,1
1,2,2,1955,1,3,4,1,2
1,3,5,1973,1,1,3,4,1
1,4,2,1953,2,2,4,2,1
1,1,2,1964,2,2,4,4,2
1,1,3,1968,2,1,3,2,1
1,1,2,1982,3,1,3,1,1
1,4,1,1947,2,3,3,3,2
1,4,2,1956,2,2,3,2,1
1,4,5,1984,1,3,4,2,1
1,3,2,1969,2,2,2,2,2
1,1,2,1944,2,2,4,4,2
2,4,6,1970,1,2,4,4,1
1,2,5,1959,2,2,4,2,1
1,3,2,1960,3,2,4,4,2
2,2,5,1971,2,2,3,3,2
1,,2,1939,3,2,4,4,1
1,1,2,1958,3,1,4,4,1
1,3,2,1966,1,3,2,2,2
1,3,2,1944,2,2,3,4,2
1,2,2,1943,1,2,4,4,1
1,2,3,1971,3,2,4,3,2
1,2,6,1974,3,2,4,3,1
1,4,2,1962,2,1,4,3,2
,4,2,1964,2,1,,3,1
1,4,5,1964,3,2,4,2,1
1,3,2,1984,2,1,3,3,2
1,3,2,1956,2,2,4,4,2
1,3,2,1963,3,2,3,4,1
1,1,3,1946,1,1,4,1,2
1,3,2,1941,1,2,4,2,1
1,4,2,1968,3,2,4,2,2
1,1,6,1963,3,1,4,2,1
1,2,2,1971,1,3,4,4,1
1,3,3,1964,3,2,4,2,1
1,3,2,1945,3,1,3,4,1
2,2,2,1962,3,1,3,3,1
1,2,2,1939,2,2,4,4,2
1,4,4,1970,2,1,3,1,2
1,4,3,1965,3,2,4,3,1
2,2,2,1954,3,1,2,1,2
1,2,2,1938,2,2,4,3,1
1,3,2,1956,2,2,4,3,1
1,4,5,1968,2,2,3,2,1
1,4,5,1972,3,2,4,4,2
2,4,2,1945,2,1,3,3,1
1,4,2,1969,2,1,4,3,1
1,1,6,1958,3,2,4,4,2
1,4,2,1970,2,2,4,4,1
1,3,3,1958,3,2,4,2,1
1,1,6,1956,3,1,4,4,2
2,2,2,1956,1,1,4,1,2
1,2,2,1954,2,1,4,4,1
1,3,5,1972,3,3,3,2,2
1,2,6,1956,3,2,4,2,1
1,4,2,1954,2,3,3,2,2
1,3,2,1957,2,1,4,3,2
2,2,5,1984,1,1,3,3,2
1,2,2,1941,2,1,3,3,2
1,4,4,1955,2,2,3,1,1
2,2,3,1975,4,3,3,3,2
1,3,3,1940,3,1,4,3,1
2,1,6,1977,3,1,3,4,1
2,2,4,1984,1,2,2,4,2
1,1,3,1943,3,1,4,4,1
1,2,6,1965,2,1,4,3,1
1,4,1,1961,2,1,4,4,2
1,4,5,1971,3,3,4,2,1
2,2,3,1953,2,1,3,3,1
1,3,5,1968,3,3,4,2,1
1,3,2,1950,2,2,4,1,2
1,2,2,1944,2,1,4,4,2
1,4,2,1944,3,2,4,2,1
1,2,1,1948,3,3,4,4,1
1,2,5,1984,1,1,3,2,2
1,4,3,1981,2,3,4,2,1
1,3,5,1959,2,1,4,2,1
1,4,2,1946,3,1,4,3,1
1,4,2,1951,2,2,4,3,2
1,2,2,1960,2,2,4,3,2
2,3,2,1942,2,3,3,2,2
1,4,6,1955,3,3,4,4,2
1,4,5,1962,3,2,3,2,1
1,1,2,1948,2,2,4,3,2
,,2,1973,1,2,,,1
1,2,2,1945,2,3,3,3,2
1,4,2,1953,2,3,3,1,2
1,3,3,1955,1,1,4,4,2
1,3,4,1972,2,1,4,1,1
5,5,2,1970,2,1,5,5,1
1,3,5,1984,2,1,4,4,2
1,3,2,1965,3,1,4,3,2
1,4,2,1956,1,1,4,2,2
1,4,1,1971,2,2,4,3,1
1,3,2,1961,2,2,4,4,2
1,1,5,1974,3,1,4,4,1
1,1,6,1977,3,1,4,4,2
2,2,2,1958,1,3,3,3,2
1,1,2,1961,2,1,4,4,1
2,,3,1943,1,1,3,3,2
1,3,2,1943,3,2,4,2,2
1,3,2,1942,3,2,4,2,2
1,2,5,1974,3,3,4,3,2
,3,2,1967,2,2,,3,2
1,3,3,1962,2,1,4,3,2
1,3,2,1963,2,2,4,4,2
1,2,5,1933,2,1,4,2,1
1,2,2,1950,3,1,4,3,2
1,2,2,1954,2,1,4,3,2
1,3,3,1969,1,3,3,2,2
1,4,5,1981,3,2,4,4,2
1,3,6,1965,1,1,4,3,2
1,4,2,1953,1,2,3,2,2
1,4,2,1949,2,1,4,1,2
1,3,3,1968,1,1,4,2,1
1,3,5,1972,1,3,4,4,1
1,4,4,1961,2,2,3,2,2
1,1,2,1955,1,2,4,4,1
1,2,2,1955,3,2,4,3,2
1,2,2,1962,2,2,4,3,2
1,3,3,1951,2,1,3,1,1
1,3,2,1950,2,1,4,1,1
2,2,2,1981,2,1,3,3,2
1,3,3,1976,3,1,3,1,1
1,2,2,1950,3,1,4,3,2
1,3,2,1944,2,1,4,3,1
1,2,6,1977,2,1,2,3,2
1,3,1,1983,2,2,4,4,2
1,2,2,1959,1,1,3,2,2
1,1,2,1930,3,3,4,4,2
1,3,3,1956,1,2,4,1,2
1,1,2,1958,3,3,4,4,2
1,4,2,1949,1,1,3,1,1
1,1,3,1963,1,1,4,1,2
1,2,4,1948,2,1,4,3,2
1,1,6,1971,3,1,4,4,2
2,2,4,1946,2,1,3,4,2
1,4,4,1958,2,3,4,4,1
1,4,2,1960,2,2,4,3,1
1,1,2,1975,2,3,4,2,1
1,4,2,1974,1,2,4,3,2
1,2,3,1981,2,2,4,3,1
1,4,2,1964,2,2,4,4,1
1,4,2,1965,3,1,4,3,1
1,4,3,1958,2,3,4,3,1
1,3,5,1976,2,1,3,2,2
1,4,3,1951,3,3,4,4,1
1,3,4,1972,1,2,4,3,1
2,1,4,1954,3,1,2,1,1
1,2,2,1959,3,1,4,2,2
1,4,2,1942,2,2,3,4,1
1,3,2,1936,3,2,4,4,1
1,3,2,1963,2,1,4,4,1
1,2,5,1975,3,2,4,3,1
1,4,3,1962,3,2,3,1,2
1,1,6,1979,3,1,3,3,1
1,3,2,1961,2,2,4,3,1
1,3,2,1953,2,1,4,4,1
1,4,2,1946,3,2,4,2,2
1,4,5,1964,3,2,4,3,1
1,1,2,1975,1,2,4,4,1
1,4,2,1956,3,2,4,4,1
1,4,2,1970,1,2,3,1,2
1,4,2,1957,3,1,3,2,2
1,1,2,1964,1,2,4,2,2
1,4,2,1940,2,1,4,4,1
1,3,5,1957,2,1,4,2,2
1,3,6,1948,3,1,2,1,2
1,4,2,1964,2,2,3,3,1
1,4,2,1958,1,3,4,1,2
1,4,5,1962,3,2,4,3,2
1,4,5,1967,2,1,3,2,2
1,3,4,1969,2,3,4,3,1
1,2,2,1969,2,1,3,3,2
1,3,2,1956,2,1,4,2,1
3,3,3,1953,2,1,2,2,1
1,1,5,1987,3,1,4,4,2
1,3,2,1967,2,2,4,2,1
1,3,2,1952,3,2,4,4,2
1,3,3,1951,2,1,4,4,1
1,4,3,1955,2,2,3,2,1
1,2,3,1950,3,1,4,4,2
1,3,5,1971,2,2,4,1,1
2,3,3,1972,2,1,3,3,1
1,1,2,1985,3,3,4,2,1
1,3,4,1964,3,1,4,4,1
1,2,3,1943,3,1,4,2,1
1,3,2,1946,2,3,4,3,1
1,4,5,1971,1,2,3,2,1
1,2,3,1967,2,1,4,3,2
1,2,,1955,3,1,4,4,1
1,3,5,1967,2,2,3,3,1
1,2,5,1950,3,1,3,3,1
1,4,2,1958,2,2,2,2,1
1,4,5,1969,3,1,4,4,2
1,2,6,1968,2,1,3,1,1
1,1,6,1952,3,1,2,4,1
1,2,2,1968,2,3,4,3,2
2,2,6,1963,2,1,3,3,1
1,2,3,1968,2,1,4,4,2
2,3,3,1946,2,1,3,2,1
1,4,2,1936,3,2,4,4,1
1,4,2,1969,1,3,3,3,1
1,3,2,1970,3,1,4,2,2
1,1,4,1981,2,2,4,2,2
1,2,3,1969,2,2,4,3,1
2,2,2,1963,1,3,3,3,1
1,4,3,1970,3,1,4,4,1
1,4,2,1966,2,1,4,2,1
1,2,6,1967,1,3,4,4,1
1,3,2,1975,2,2,4,3,1
1,4,2,1968,2,1,4,3,2
,2,5,1961,1,1,,,2
3,1,2,1970,2,2,3,4,1
1,4,5,1970,1,3,4,2,2
1,1,2,1959,2,1,4,4,2
1,3,3,1973,1,1,4,1,2
1,3,3,1950,3,2,4,2,2
1,4,5,1962,3,2,3,4,2
2,4,3,1969,3,2,4,4,1
1,4,2,1957,2,2,4,4,1
1,4,2,1956,2,2,4,1,2
1,3,6,1971,2,2,4,4,2
1,4,2,1957,3,2,4,4,1
1,3,6,1955,2,1,4,1,2
1,4,2,1940,3,2,4,1,1
2,3,5,1982,2,3,4,2,2
1,1,3,1964,1,2,4,3,2
1,2,3,1962,2,1,4,2,2
1,3,3,1955,3,2,4,3,1
2,2,5,1988,2,3,3,3,1
1,2,2,1958,3,3,4,2,2
1,1,6,1974,3,1,3,4,2
1,3,6,1954,3,1,2,3,1
1,2,2,1942,2,1,4,4,1
1,4,1,1933,3,2,4,4,1
1,2,2,1960,2,2,4,3,2
2,3,2,1952,3,1,4,4,2
1,3,2,1972,1,3,4,2,2
1,2,5,1974,3,1,3,1,1
2,1,6,1974,2,3,3,4,1
1,4,3,1964,3,2,4,2,2
2,3,5,1961,2,2,3,3,2
1,4,3,1975,2,1,4,2,1
1,1,2,1966,2,1,4,3,1
1,2,2,1962,1,2,4,2,1
1,4,6,1957,2,1,4,3,1
2,2,3,1965,2,2,4,3,1
1,1,5,1961,2,1,4,4,2
1,1,3,1948,3,1,3,2,2
2,4,6,1962,1,3,3,1,2
1,3,3,1963,2,1,3,3,2
1,4,2,1935,3,1,1,1,1
1,3,5,1949,2,1,4,3,2
1,1,2,1944,3,2,4,4,2
1,1,2,1964,2,1,4,4,1
1,3,6,1967,3,,3,3,2
1,4,2,1966,4,1,3,3,2
1,3,2,1955,2,1,3,2,2
1,1,3,1966,2,1,4,2,2
1,4,2,1957,2,1,4,1,1
1,4,3,1959,1,2,4,4,1
1,3,6,1967,2,1,4,3,2
3,2,6,1962,3,1,2,2,1
2,4,6,1975,2,2,3,4,2
1,4,2,1958,3,2,4,4,2
1,1,2,1960,3,2,3,2,1
1,4,3,1969,2,1,4,4,1
1,2,5,1971,3,1,2,2,2
1,4,5,1973,3,2,4,4,2
1,2,5,1975,4,1,4,4,2
1,2,5,1971,3,1,4,4,2
1,3,2,1978,1,1,3,1,2
2,1,5,1943,2,1,2,4,1
2,2,3,1975,1,1,3,3,1
1,4,4,1953,3,2,4,3,2
1,3,2,1960,2,1,4,3,2
1,3,2,1951,2,1,4,4,2
1,,2,1961,1,2,4,4,2
1,4,2,1964,3,2,4,4,2
1,4,4,1963,3,2,4,4,2
5,5,5,1971,1,3,5,5,1
1,4,2,1957,2,3,4,1,1
2,1,6,1983,3,2,2,1,2
1,2,4,1965,3,2,4,4,2
1,3,3,1971,3,1,4,1,2
1,3,2,1959,3,2,4,3,2
1,2,2,1957,2,1,4,3,2
1,3,2,1969,3,2,4,3,2
1,1,2,1959,2,2,4,4,2
1,1,5,1977,4,3,4,3,1
1,4,4,1955,2,1,4,1,2
1,2,5,1983,3,1,3,4,2
1,2,4,1961,3,1,2,2,1
1,4,2,1964,2,3,3,1,2
1,2,3,1963,2,2,4,3,1
1,3,3,1966,3,1,4,2,1
2,2,6,1945,3,1,4,3,1
1,4,6,1968,3,2,4,2,1
1,4,2,1965,3,2,4,2,2
1,1,5,1986,2,1,2,2,1
1,1,5,1976,2,1,4,4,1
1,1,5,1975,3,1,2,2,1
1,2,6,1977,3,1,4,4,2
1,3,5,1950,2,1,3,4,2
1,2,4,1967,2,1,4,2,1
1,4,4,1941,3,1,4,2,2
1,3,2,1950,2,1,4,3,2
2,4,4,1952,3,1,1,3,2
1,1,6,1963,3,2,4,4,1
1,4,2,1953,2,3,4,2,2
1,4,3,1962,1,2,4,3,2
2,3,6,1982,2,3,4,4,2
2,3,5,1986,2,3,4,3,1
1,2,5,1946,2,1,4,3,2
1,4,2,1960,3,2,4,1,1
2,1,3,1972,2,3,2,2,2
1,3,2,1941,2,3,4,3,1
1,3,2,1946,3,1,4,4,1
2,1,3,1950,3,1,2,2,2
1,4,4,1971,1,1,2,4,2
1,4,2,1956,2,1,3,1,1
2,4,4,1966,2,2,3,2,1
1,3,5,1944,3,2,4,3,1
1,4,3,1955,3,3,4,1,1
1,4,3,1962,3,2,4,4,1
1,2,3,1948,3,3,4,,1
1,3,2,1942,2,1,4,3,2
1,4,4,1948,2,3,4,3,2
1,2,3,1962,2,2,4,1,2
1,4,2,1937,2,2,3,3,2
1,1,6,1947,3,1,3,4,1
1,1,6,1946,3,1,2,3,2
1,3,6,1984,3,3,3,2,2
1,4,4,1949,3,2,4,2,2
1,1,6,1953,3,1,3,3,1
1,4,5,1954,3,3,1,1,1
1,4,3,1960,3,2,4,2,1
1,1,3,1971,3,3,3,3,2
2,1,5,1980,3,1,2,2,1
1,1,3,1956,3,1,3,1,2
1,3,5,1934,3,2,4,4,2
1,3,2,1937,3,2,4,2,1
1,4,2,1929,3,2,4,4,1
1,3,6,1950,3,1,3,2,1
1,4,3,1948,2,3,4,1,1
,,3,1972,3,2,4,1,2
1,4,2,1963,3,2,4,1,2
1,4,2,1940,3,2,4,1,2
1,2,2,1954,3,3,1,1,1
1,3,5,1960,3,2,4,1,2
1,3,3,1967,3,2,4,3,1
1,4,2,1963,3,2,4,4,2
1,1,5,1955,3,3,2,1,2
1,3,5,1977,3,2,4,1,2
2,2,5,1983,3,1,4,1,1
1,4,5,1955,3,1,4,1,2
2,1,3,1990,3,2,4,4,1
1,2,3,1960,2,1,3,3,2
1,3,3,1935,3,2,4,4,1
1,1,5,1955,3,3,4,1,1
1,2,6,1967,3,2,4,3,2
2,2,5,1981,2,1,3,3,1
1,1,3,1951,3,2,4,3,2
2,2,5,1985,2,2,3,3,1
1,3,4,1957,3,2,4,4,2
1,1,3,1954,2,1,4,4,2
1,2,5,1945,2,3,3,2,2
1,4,4,1959,2,1,4,2,1
1,4,2,1936,3,2,4,4,2
1,4,2,1955,2,,4,1,1
1,3,5,1946,3,1,4,4,2
1,4,5,1959,3,2,4,4,2
5,5,6,1958,2,3,5,5,1
1,2,2,1929,3,2,4,4,1
1,1,5,1952,3,1,3,4,1
1,3,2,1936,3,2,4,3,1
1,4,5,1950,3,2,4,2,2
2,3,6,1963,3,2,4,4,1
1,1,6,1949,3,1,3,2,2
1,4,2,1958,3,1,2,1,1
1,3,2,1940,2,1,3,2,1
2,1,3,1942,3,1,3,2,1
1,1,5,1957,3,3,4,4,1
1,3,5,1986,3,1,3,3,2
1,4,3,1945,3,1,3,2,1
1,3,5,1957,2,2,4,3,2
1,4,1,1933,3,2,4,4,2
1,4,6,1972,3,2,4,2,1
1,3,2,1938,2,1,3,2,1
1,3,6,1960,3,2,4,2,1
1,4,6,1939,3,2,4,1,2
1,3,5,1948,3,2,4,3,2
3,1,6,1987,2,1,3,3,2
1,4,4,1953,3,2,4,4,1
1,2,4,1960,3,3,4,3,2
1,2,6,1943,3,1,4,2,2
1,3,2,1947,3,1,4,2,2
1,1,3,1965,2,1,4,4,2
1,4,5,1968,3,2,4,2,2
1,4,4,1954,3,2,,1,1
1,3,5,1937,3,1,3,1,2
1,4,4,1937,3,2,4,2,2
1,2,2,1940,3,2,4,2,2
1,2,3,1964,3,2,4,2,1
1,2,3,1947,2,,4,3,2
1,1,3,1958,3,1,2,4,1
1,4,3,1970,3,3,4,1,2
1,4,5,1955,3,2,4,2,1
1,4,5,1932,3,,4,,2
1,1,6,1953,3,2,4,4,2
1,4,2,1953,3,2,4,4,2
1,4,2,1965,2,2,4,4,2
1,1,5,1963,3,3,4,4,1
1,,6,1934,3,3,,4,2
1,2,5,1973,3,1,4,4,2
1,4,2,1959,3,2,4,1,1
1,4,3,1961,3,2,4,4,2
1,4,2,1960,3,2,4,3,1
1,3,5,1959,3,2,4,2,1
2,1,2,1968,2,1,2,4,2
1,1,5,1967,3,1,2,4,1
1,4,3,1947,3,1,3,4,2
1,4,6,1951,3,2,4,4,1
1,4,5,1956,3,1,4,1,2
1,4,2,1962,3,2,4,4,1
1,3,6,1944,3,2,4,4,2
2,3,5,1954,2,3,4,4,2
1,4,3,1962,3,2,4,2,2
1,1,5,1961,3,1,3,4,1
1,3,6,1958,3,2,4,4,2
1,4,5,1937,3,3,4,1,1
1,1,3,1939,3,2,4,4,2
1,2,6,1958,3,1,3,3,2
1,2,5,1952,3,2,4,4,1
2,4,5,1983,3,3,4,1,2
2,2,4,1977,3,,3,1,1
1,4,4,1953,3,2,4,3,1
1,3,5,1975,3,2,4,3,2
1,4,3,1948,2,3,4,1,2
1,4,5,1949,3,3,2,1,2
1,3,6,1944,3,2,4,3,2
2,1,6,1980,3,3,1,4,2
1,1,4,1957,2,3,2,4,2
2,3,3,1963,3,3,3,2,1
1,3,6,1932,3,1,3,2,2
2,4,4,1954,2,3,4,2,1
1,4,6,1978,3,2,4,3,2
1,4,2,1949,3,2,4,4,2
1,3,2,1960,3,1,4,2,2
1,4,4,1961,3,2,4,3,1
1,4,5,1954,2,2,4,2,2
1,4,3,1973,2,3,3,1,1
1,4,5,1951,3,1,4,1,1
2,3,2,1948,3,,3,4,2
1,4,3,1954,3,,4,2,1
1,1,3,1952,3,2,4,2,1
1,3,5,1959,3,2,4,3,2
1,4,3,1956,2,2,3,1,1
1,2,2,1940,3,1,4,2,1
1,1,4,1957,2,1,4,4,2
1,2,3,1956,3,1,3,3,2
1,2,3,1940,3,1,4,3,2
1,2,5,1962,2,1,4,3,2
1,2,6,1977,3,2,4,3,1
1,2,5,1974,3,1,3,2,2
2,2,2,1956,2,2,3,2,2
1,3,6,1961,2,1,4,4,2
1,3,2,1958,1,2,4,2,1
1,1,5,1955,3,3,4,4,2
1,4,5,1969,1,1,1,2,1
1,2,4,1983,3,1,1,1,1
1,4,2,1945,3,2,4,3,2
1,1,4,1926,3,1,3,4,2
1,3,2,1959,3,2,4,4,1
1,3,4,1965,3,1,4,2,2
1,4,3,1953,2,3,3,,2
1,4,3,1964,2,2,3,3,2
,4,2,1931,,3,4,2,2
1,4,2,1951,2,1,4,3,1
1,3,6,1968,3,2,4,3,1
1,2,3,1959,3,2,4,4,1
1,3,4,1948,2,1,4,3,2
1,4,3,1962,3,2,4,3,1
,2,2,1963,3,2,4,1,2
1,3,2,1964,2,1,3,1,2
1,2,6,1945,3,1,4,1,1
1,3,3,1965,2,1,4,3,1
2,3,2,1970,2,1,3,2,2
1,3,2,1943,3,1,4,2,2
1,4,2,1954,2,2,4,4,2
1,1,3,1957,2,1,4,4,2
1,2,5,1979,2,3,3,3,2
1,2,4,1950,2,1,4,4,2
1,4,5,1961,3,2,4,1,2
1,3,5,1966,3,2,4,3,2
1,2,4,1958,3,1,3,4,2
1,2,6,1951,3,2,3,3,1
1,4,3,1962,3,2,4,4,2
1,4,4,1957,2,3,4,4,1
1,2,3,1956,3,1,3,2,2
1,1,3,1965,2,1,3,3,2
1,4,2,1960,3,2,4,3,1
1,3,5,1977,3,,1,3,2
1,2,3,1963,2,1,3,4,1
1,1,3,1947,3,1,4,4,2
1,2,2,1970,1,1,3,2,1
1,4,5,1947,3,2,4,1,2
1,3,2,1959,2,1,4,4,2
1,1,3,1960,3,1,2,2,1
1,1,2,1956,2,3,3,3,2
1,2,5,1948,3,3,4,2,1
4,4,2,1983,3,2,3,3,2
1,2,3,1962,2,1,3,4,2
1,1,1,1946,3,3,4,4,1
1,3,4,1946,3,2,4,4,1
1,4,2,1952,2,1,4,1,2
1,2,2,1956,3,1,4,4,1
1,4,5,1972,3,3,4,4,2
1,1,3,1956,2,3,4,4,2
1,3,5,1955,2,3,3,1,2
1,2,3,1936,2,3,4,3,2
2,4,4,1957,1,3,3,1,2
2,4,4,1954,1,1,,1,2
1,3,2,1964,1,1,4,3,2
,4,2,1946,2,2,,,1
1,4,2,1940,3,3,3,4,2
1,2,4,1954,3,1,4,3,2
1,4,2,1958,3,2,4,4,2
1,3,3,1941,3,1,4,2,1
1,2,3,1949,3,1,4,3,1
1,3,5,1965,3,3,4,1,2
1,2,3,1969,2,1,3,2,2
1,4,5,1954,2,1,4,3,2
1,2,2,1947,2,1,4,3,1
1,1,1,1948,2,1,4,4,1
1,1,2,1932,3,2,4,4,2
1,3,2,1958,2,2,,3,2
2,2,2,1961,4,1,3,3,2
1,3,5,1974,2,1,4,3,2
1,2,4,1962,3,3,4,3,2
1,3,6,1943,3,1,4,2,2
1,2,3,1957,3,3,3,3,1
1,3,5,1961,1,2,3,2,2
1,4,2,1957,1,1,4,4,1
1,3,4,1964,2,2,3,3,1
1,4,2,1955,2,1,4,4,1
1,4,3,1961,3,2,2,1,2
1,3,5,1974,2,2,3,4,2
1,3,3,1960,1,1,4,2,1
1,3,5,1964,3,2,4,3,2
1,3,3,1943,3,2,4,2,2
1,3,1,1946,2,2,4,2,1
1,2,5,1971,2,1,4,3,2
2,4,3,1946,3,1,3,1,1
1,3,5,1941,3,2,4,2,1
1,1,3,1980,3,1,2,4,1
1,4,6,1950,3,2,4,4,2
1,2,5,1960,3,1,4,3,2
1,4,5,1950,3,2,4,2,2
1,1,3,1956,2,1,3,3,2
1,4,5,1964,3,2,4,2,1
1,1,6,1955,2,2,4,4,2
1,2,3,1968,2,1,3,4,1
2,2,3,1962,3,1,3,3,1
1,2,6,1954,2,1,3,2,1
1,4,2,1954,3,2,3,1,1
1,3,5,1964,3,2,4,2,1
1,1,3,1982,2,1,2,4,2
2,4,4,1971,2,1,4,2,2
1,1,5,1960,3,1,4,4,1
1,3,3,1949,3,2,4,3,2
1,3,3,1949,3,1,2,4,2
1,2,5,1959,3,3,3,4,1
1,2,5,1949,2,3,4,3,1
1,4,5,1954,2,1,3,3,1
1,3,2,1946,3,2,4,1,2
1,4,3,1962,2,2,3,2,2
1,4,2,1943,2,1,4,1,1
3,3,2,1951,1,1,2,1,2
1,2,3,1939,3,1,2,2,1
1,4,1,1955,2,1,4,4,1
1,1,2,1980,3,1,3,2,2
1,4,5,1961,3,2,4,3,1
2,2,2,1972,4,1,1,3,2
1,4,2,1965,3,2,4,4,2
1,3,3,1965,3,2,4,3,2
1,3,5,1962,3,2,4,2,1
1,4,2,1952,3,1,3,3,2
2,2,3,1985,2,2,3,4,2
2,2,5,1927,3,1,2,2,2
1,1,2,1953,1,1,3,4,1
1,3,6,1979,3,2,4,4,1
1,3,3,1950,3,1,3,2,1
1,1,6,1962,3,1,4,1,1
1,2,5,1968,3,1,3,4,1
1,3,2,1954,1,3,4,3,2
1,3,5,1952,3,1,3,3,1
1,4,5,1963,,2,4,2,1
1,4,2,1945,2,1,4,3,1
1,2,2,1958,2,2,3,3,2
1,2,6,1978,1,1,4,2,2
1,3,2,1946,1,3,4,2,1
1,2,2,1947,3,1,2,1,2
1,4,4,1958,2,3,4,1,2
1,3,6,1957,2,2,4,2,2
1,4,2,1961,1,3,4,1,1
4,4,3,1959,1,1,1,1,2
1,4,2,1955,1,2,3,2,1
1,4,4,1961,2,1,4,3,1
1,3,1,1948,2,2,4,4,1
1,2,5,1958,3,1,4,1,1
,3,2,1964,2,2,3,,2
1,2,2,1947,2,3,4,4,2
1,4,5,1950,1,2,4,1,1
1,2,5,1970,1,1,4,3,2
1,3,6,1969,2,1,4,3,1
1,3,5,1950,2,2,4,3,2
2,2,3,1952,2,3,3,3,2
1,2,2,1963,2,1,4,4,2
1,1,5,1980,3,1,3,1,1
1,3,4,1953,2,2,4,3,1
2,4,4,1960,1,1,4,1,1
1,4,3,1959,2,2,4,3,2
1,4,5,1963,3,2,4,2,1
1,3,5,1964,2,2,4,3,1
1,2,5,1971,3,3,3,3,1
1,2,3,1954,2,1,4,3,1
2,3,5,1989,1,2,3,3,2
2,3,6,1972,3,1,3,2,1
1,4,2,1955,1,2,4,4,1
1,3,5,1966,1,1,3,2,1
1,4,6,1969,3,2,4,4,1
1,4,2,1956,2,2,3,2,1
1,2,5,1967,2,2,4,4,2
1,3,3,1962,4,3,4,2,2
2,4,3,1952,1,3,2,3,2
1,1,3,1974,3,3,3,4,1
1,2,2,1960,3,1,3,2,1
1,1,3,1991,3,3,4,4,1
1,3,2,1949,2,2,4,2,2
1,3,2,1965,2,2,4,4,1
1,2,4,1990,2,1,3,2,2
1,3,3,1950,3,2,4,4,2
1,4,3,1959,2,2,3,4,2
1,2,3,1967,2,1,4,3,2
1,4,2,1953,3,2,4,1,2
1,3,4,1967,3,1,4,3,1
1,4,2,1957,1,2,3,1,2
1,2,4,1962,1,1,4,4,2
1,3,3,1976,3,2,4,2,2
1,4,6,1944,3,2,4,3,1
2,3,2,1976,1,3,3,3,1
1,2,5,1958,2,2,4,2,1
1,1,2,1955,2,,4,4,1
2,4,5,1960,3,2,4,4,1
1,2,3,1958,2,2,4,4,2
1,3,2,1961,2,2,3,3,2
1,2,1,1942,3,1,1,2,2
1,2,2,1939,3,1,2,3,1
2,4,3,1956,3,2,3,2,2
1,4,3,1959,3,2,4,3,2
1,2,3,1954,3,1,4,4,2
1,4,6,1945,3,2,4,1,2
1,3,5,1983,3,2,4,3,2
1,3,5,1948,2,1,3,2,2
1,1,5,1962,3,3,4,3,1
1,1,2,1955,2,1,3,2,1
1,1,2,1952,2,1,3,3,2
1,3,6,1950,1,2,4,4,1
1,1,2,1976,2,1,2,2,2
2,4,3,1944,1,3,3,2,1
1,3,2,1951,2,1,3,2,2
1,4,4,1933,3,2,4,4,2
2,4,2,1957,2,2,4,2,1
1,2,3,1959,3,1,2,1,2
1,1,3,1964,3,1,4,3,2
1,4,4,1954,3,2,4,4,1
1,2,3,1973,1,1,4,4,2
2,1,6,1988,3,1,4,4,1
1,2,2,1953,3,2,4,1,1
1,2,2,1950,3,1,4,4,1
2,1,6,1981,3,1,3,4,2
1,1,3,1988,2,2,3,3,1
1,2,4,1932,3,2,4,2,2
2,2,3,1950,2,1,3,2,1
1,1,4,1972,3,3,4,4,1
1,1,2,1947,3,1,2,3,1
1,2,3,1963,3,1,3,1,1
1,4,6,1950,2,1,3,1,1
1,3,2,1971,1,1,3,1,1
1,1,2,1969,3,1,2,4,2
2,1,3,1988,3,1,2,4,2
2,,3,1966,2,1,3,2,1
1,4,6,1950,3,2,4,4,1
2,3,4,1968,2,3,4,2,1
1,1,3,1948,3,1,4,4,2
1,3,2,1933,3,2,4,3,2
2,3,5,1962,1,,3,2,1
1,3,2,1970,1,1,4,1,1
1,3,2,1957,2,3,4,2,1
1,3,2,1968,3,1,4,3,2
1,2,4,1971,3,2,4,3,1
1,2,3,1964,1,2,3,2,1
1,2,4,1969,2,1,4,3,1
1,4,1,1939,2,1,4,4,2
5,5,5,1949,3,3,5,5,1
1,3,3,1937,3,2,4,4,2
1,2,6,1965,3,1,2,1,2
1,3,5,1968,2,2,3,3,1
1,4,3,1962,1,3,4,1,2
1,3,6,1949,3,2,4,2,2
1,2,5,1969,3,1,3,2,1
1,3,4,1973,2,2,4,2,1
1,2,2,1934,3,1,4,3,2
1,4,3,1971,3,2,4,4,1
1,4,2,1957,1,3,3,3,1
1,1,5,1989,3,1,3,1,1
2,4,5,1969,2,2,3,2,1
1,2,6,1983,3,2,4,4,2
1,3,4,1950,2,1,4,4,1
1,2,4,1972,2,3,4,4,1
1,1,6,1944,3,1,3,4,2
1,2,1,1965,4,,3,3,1
1,4,2,1960,1,3,3,1,1
1,4,2,1970,1,2,3,4,2
1,2,5,1948,3,1,4,3,2
1,3,2,1951,2,1,4,3,2
1,4,4,1976,3,2,,4,2
2,3,2,1960,2,1,2,3,2
1,4,4,1963,3,2,4,1,2
1,3,6,1964,3,2,4,3,1
2,4,3,1980,2,3,4,4,1
1,2,5,1985,2,1,3,2,2
1,2,2,1977,2,1,4,4,2
2,4,2,1942,2,2,4,1,1
1,1,2,1976,3,2,4,4,2
1,4,4,1970,4,3,4,1,2
2,4,2,1967,1,3,3,2,1
1,1,3,1963,2,1,3,4,2
1,3,5,1979,2,1,3,3,2
,1,5,1961,2,3,3,4,1
1,1,4,1953,3,1,3,4,2
1,1,5,1961,3,3,4,4,2
1,4,3,1962,2,1,3,2,2
1,4,5,1982,2,2,3,2,1
1,4,2,1980,1,3,4,4,1
1,4,5,1981,1,2,3,4,2
1,2,2,1953,3,1,4,3,2
1,3,3,1954,3,2,4,4,2
1,,3,1954,3,1,3,3,2
1,2,2,1946,3,1,4,2,1
1,4,1,1943,3,2,4,1,2
2,2,3,1969,3,1,3,2,2
1,2,3,1957,3,2,4,4,1
1,4,2,1955,3,2,4,1,2
2,2,,1946,2,1,2,1,2
1,3,2,1936,2,3,4,4,2
1,4,3,1966,3,3,1,3,2
2,3,2,1939,3,1,4,1,1
1,4,3,1948,3,2,4,2,2
2,1,3,1974,3,1,3,3,1
1,4,4,1966,2,1,4,3,2
1,2,6,1949,3,1,3,3,2
1,4,3,1973,2,2,4,4,1
2,1,5,1966,2,1,3,2,1
1,1,5,1986,3,1,3,2,2
1,4,5,1961,3,2,4,2,2
1,3,6,1973,3,3,4,4,2
1,3,3,1957,3,1,3,2,1
2,3,3,1940,2,2,3,3,2
1,2,4,1978,2,3,3,3,2
1,3,3,1971,3,1,4,3,2
1,3,3,1953,3,3,4,4,1
1,2,6,1969,3,1,3,3,1
1,4,4,1941,1,1,4,4,2
1,4,2,1931,3,2,4,4,2
1,4,5,1969,3,2,4,3,1
1,1,5,1938,3,1,4,4,2
1,4,3,1960,3,2,4,3,1
1,4,5,1946,2,3,4,3,1
1,1,6,1964,3,2,4,4,1
1,4,6,1964,3,1,3,2,1
1,3,6,1946,3,2,4,2,2
1,1,5,1952,3,1,4,4,1
1,4,2,1924,3,2,4,4,1
1,3,4,1945,1,1,4,2,2
1,2,3,1970,2,1,3,3,2
1,4,4,1967,2,2,3,1,1
1,3,3,1945,3,2,4,4,2
1,4,5,1954,3,2,,,2
1,1,3,1955,2,2,4,4,2
1,4,6,1953,3,3,4,1,1
1,4,2,1958,1,2,4,2,2
1,3,6,1979,2,2,4,2,2
1,2,3,1947,3,3,4,3,1
1,2,2,1956,2,1,3,1,1
1,1,5,1990,3,1,4,4,1
1,2,3,1953,2,1,4,4,1
1,3,5,1954,3,2,4,3,2
1,2,5,1955,3,1,4,4,2
2,1,6,1956,3,1,1,1,2
1,4,3,1954,2,3,4,1,1
2,,2,1951,1,1,3,2,1
1,3,5,1958,3,1,1,1,1
1,3,5,1951,3,2,4,3,2
1,4,5,1967,4,1,3,2,1
1,2,2,1939,3,2,4,2,1
2,3,6,1976,3,1,3,2,1
1,3,4,1969,3,2,3,2,2
1,4,5,1967,3,2,4,4,1
1,4,5,1957,3,2,3,4,1
1,2,5,1957,3,3,2,3,2
1,2,3,1950,2,2,4,3,2
1,4,3,1951,2,2,4,3,2
1,1,3,1961,3,1,4,4,2
1,4,2,1941,2,2,4,4,1
1,4,3,1955,2,1,4,4,2
1,3,2,1960,2,1,3,2,1
1,3,2,1950,3,3,4,3,2
1,3,2,1942,3,2,4,4,2
1,4,6,1962,2,3,4,1,1
1,2,5,1971,3,1,3,3,1
1,3,5,1950,2,2,4,4,2
1,4,6,1967,2,2,4,1,1
1,2,2,1949,2,1,4,4,1
1,4,4,1935,3,2,4,3,2
1,2,2,1945,3,1,1,3,1
1,2,5,1979,3,3,4,3,2
2,2,3,1969,1,3,3,3,2
1,4,6,1986,3,3,3,3,2
1,2,6,1969,3,3,3,2,2
1,4,1,1925,3,2,4,4,2
1,3,2,1938,1,1,4,3,1
1,2,5,1962,3,3,4,4,2
1,1,4,1978,1,3,4,3,1
1,3,6,1969,3,2,4,3,1
1,2,5,1987,3,1,2,4,2
1,4,3,1957,2,3,4,2,1
1,2,2,1956,3,1,3,1,1
2,3,3,1984,2,3,3,2,1
1,1,5,1986,3,2,4,4,2
,,3,1948,3,1,4,,2
1,1,5,1972,3,1,3,4,2
1,1,3,1966,2,1,4,4,1
1,3,5,1952,3,2,4,1,1
1,1,4,1963,2,1,4,3,2
1,1,2,1942,2,1,4,3,2
1,1,3,1970,3,3,4,4,2
1,4,3,1980,2,2,4,1,1
,,2,1960,2,3,,2,2
1,2,5,1987,3,2,3,4,2
1,2,4,1958,1,3,4,3,1
1,1,2,1958,3,1,4,4,1
3,1,5,1981,2,1,3,4,2
1,2,3,1949,2,1,4,4,2
2,2,2,1968,1,1,3,3,2
1,3,5,1965,3,1,3,1,1
1,2,3,1969,3,1,2,3,2
1,3,3,1963,3,2,4,3,2
1,3,6,1960,3,1,,4,1
1,3,2,1962,1,2,3,1,2
1,2,6,1957,3,3,4,2,1
1,2,2,1928,1,,4,3,1
1,3,5,1955,3,3,3,2,1
1,3,4,1954,3,2,4,3,2
2,4,2,1957,2,1,3,3,1
2,4,3,1964,3,3,3,2,1
1,2,3,1958,3,1,4,2,2
1,4,5,1960,3,2,4,3,1
1,4,2,1961,3,3,4,1,1
1,2,5,1957,3,1,3,1,1
1,3,2,1951,3,1,3,4,1
1,2,5,1950,3,1,2,1,1
1,3,5,1951,3,3,4,2,1
1,1,2,1955,3,3,4,1,1
1,1,5,1960,3,1,4,4,1
1,1,2,1959,3,1,4,4,2
1,3,2,1960,2,3,4,2,1
1,4,4,1971,2,2,4,1,1
1,4,2,1954,3,1,4,2,2
1,4,1,1935,3,2,4,4,2
1,3,5,1977,2,2,4,2,2
1,1,5,1984,1,1,4,3,2
1,1,2,1975,2,2,3,4,1
1,3,2,1961,3,2,4,4,1
1,3,5,1957,3,1,4,4,2
1,4,2,1972,3,1,1,3,1
1,1,5,1961,3,1,2,1,1
1,3,5,1951,3,1,2,3,1
1,3,5,1966,2,2,4,1,1
1,1,3,1967,3,1,2,3,1
1,4,3,1962,3,2,4,3,2
1,3,6,1948,3,2,4,3,2
1,1,2,1962,3,3,4,4,1
1,1,5,1961,3,1,4,4,2
1,3,3,1953,3,1,4,1,2
1,4,3,1975,3,2,4,3,1
2,1,6,1964,3,1,1,1,1
1,4,6,1960,3,1,4,3,2
1,2,2,1947,3,1,4,3,2
1,4,3,1954,3,1,4,2,2
1,3,6,1949,3,2,4,3,2
1,2,5,1983,2,1,3,2,1
1,1,3,1979,3,1,2,2,2
2,1,3,1958,3,1,3,3,2
1,1,4,1969,3,3,4,4,2
1,4,5,1949,3,2,4,2,2
1,3,6,1949,3,1,3,3,1
1,1,6,1959,3,1,4,3,1
1,2,3,1971,3,2,4,4,2
1,2,5,1957,3,2,4,2,2
2,4,2,1964,2,2,3,1,1
1,4,5,1972,3,2,4,3,1
1,2,3,1957,2,1,3,4,1
1,2,5,1942,3,1,3,3,1
1,3,3,1968,3,3,4,3,2
1,1,2,1962,3,1,4,4,1
1,4,4,1966,4,3,3,1,2
,2,5,1951,2,1,3,2,1
4,4,3,1966,2,2,1,1,1
2,4,3,1958,2,1,1,3,1
1,2,3,1964,2,2,4,3,2
1,3,5,1968,1,3,3,3,2
1,2,5,1932,3,1,4,1,1
1,4,3,1960,2,1,4,3,1
1,2,3,1950,2,1,4,3,2
1,4,3,1950,3,1,4,3,1
2,4,3,1949,3,1,3,3,2
1,2,2,1939,2,1,3,,1
1,1,5,1966,2,1,4,3,1
1,3,6,1949,3,2,4,2,2
2,3,3,1959,3,1,3,2,2
1,2,5,1966,3,1,2,4,2
1,4,3,1960,3,1,1,1,1
1,1,2,1945,2,1,4,3,1
1,4,2,1938,2,3,1,1,2
1,4,3,1956,2,1,1,4,1
2,1,3,1947,2,1,3,4,2
1,4,5,1966,2,2,1,1,1
1,4,3,1964,3,1,4,4,2
1,2,4,1941,3,1,4,3,1
1,3,6,1957,2,1,3,3,1
3,2,6,1960,3,2,3,2,1
1,3,4,1965,2,1,2,2,1
1,3,6,1967,3,2,4,2,1
1,3,6,1965,2,3,4,2,2
1,2,3,1953,3,1,4,1,2
1,3,6,1956,3,3,3,2,2
1,4,2,1953,3,1,4,4,2
1,2,5,1954,2,3,4,4,1
2,3,5,1950,2,1,3,,1
1,2,6,1961,3,1,4,3,2
1,4,5,1950,3,2,4,3,2
1,3,5,1956,2,2,4,4,1
1,3,5,1966,2,1,4,2,1
1,2,6,1963,3,3,3,1,2
2,2,3,1960,1,1,2,3,2
1,2,2,1947,2,1,4,3,2
1,3,5,1952,3,1,4,2,2
1,2,5,1977,1,1,3,4,2
1,4,5,1944,2,1,2,2,2
1,1,2,1963,3,1,4,4,1
1,4,2,1950,2,2,4,4,1
1,2,4,1951,3,3,4,4,2
,1,6,1951,3,3,4,4,1
1,2,5,1965,2,1,4,3,1
1,3,5,1974,2,2,4,2,2
1,4,2,1964,1,1,4,4,1
1,2,3,1952,2,1,4,2,1
1,3,3,1948,2,1,2,2,1
1,1,3,1953,3,1,4,4,1
,,2,1961,2,1,4,4,1
1,1,5,1964,3,1,4,1,1
1,2,2,1976,1,2,3,4,1
1,4,4,1955,1,1,3,1,2
1,3,2,1962,2,1,2,2,1
1,2,4,1952,3,2,4,3,2
1,4,2,1944,3,1,3,1,1
1,3,6,1967,3,3,4,2,1
1,3,4,1942,3,3,,,1
1,3,3,1966,2,2,4,2,2
1,2,2,1940,3,2,4,4,1
1,4,2,1971,1,3,4,3,2
1,1,3,1942,3,1,3,4,2
2,3,4,1964,2,1,3,1,1
1,4,3,1958,2,1,3,2,2
1,3,2,1935,3,2,4,4,2
1,3,4,1967,2,2,3,4,1
,,5,1925,3,2,3,1,2
1,1,5,1971,3,1,4,3,2
1,1,2,1927,2,2,4,4,1
1,3,5,1954,2,2,4,2,2
1,4,5,1965,3,2,4,3,1
1,4,3,1966,2,2,4,4,1
1,4,3,1967,2,2,4,2,1
2,3,5,1959,3,2,2,2,1
1,3,6,1966,2,2,3,2,2
1,3,6,1983,2,2,4,4,1
1,3,4,1940,2,1,4,3,1
1,4,6,1962,3,1,3,3,2
1,1,2,1939,3,1,3,4,1
1,2,5,1958,2,1,4,3,2
1,4,3,1945,3,1,4,1,1
1,4,4,1967,2,3,4,3,1
1,3,4,1954,2,1,4,2,1
1,4,5,1964,3,2,4,4,2
1,2,5,1962,3,1,4,4,2
1,3,3,1957,2,1,3,3,2
1,3,5,1962,2,1,4,1,1
1,3,3,1948,2,1,3,1,1
2,4,5,1966,3,2,3,4,1
1,4,5,1963,3,3,4,1,1
1,4,5,1965,2,1,4,4,1
1,3,6,1961,2,1,4,2,1
1,2,6,1964,2,2,3,2,2
1,3,4,1947,3,1,3,2,2
2,4,5,1963,2,1,4,2,1
1,4,4,1963,3,3,4,3,1
1,4,2,1955,2,1,4,3,1
1,1,6,1967,3,1,4,4,1
1,2,5,1964,3,2,3,2,1
1,4,2,1966,1,3,4,3,1
1,2,4,1962,2,3,3,1,1
1,2,6,1956,3,1,4,3,1
1,3,4,1967,2,2,4,3,2
1,4,4,1957,2,2,4,1,2
2,3,5,1961,2,2,4,2,1
1,1,5,1970,3,1,3,3,1
2,2,3,1967,3,1,3,2,1
2,4,3,1957,3,2,3,4,1
1,3,6,1953,2,1,3,4,2
1,1,2,1956,2,1,4,4,1
1,3,6,1952,3,1,4,2,2
1,4,2,1930,3,2,4,4,1
1,1,3,1983,3,1,3,2,2
1,2,6,1962,2,2,4,3,1
,,3,1955,2,1,3,3,1
1,4,6,1961,3,1,4,3,1
1,1,2,1945,2,1,4,4,1
1,1,5,1948,3,2,4,1,2
1,1,3,1961,3,1,4,4,1
1,4,5,1950,3,2,4,3,2
1,3,5,1970,1,3,3,3,1
1,3,5,1948,2,2,4,1,1
1,3,5,1955,3,2,4,3,2
1,3,1,1942,3,1,3,3,1
1,4,5,1948,3,3,4,2,2
1,4,5,1948,2,1,4,2,2
1,2,2,1933,3,1,4,3,2
1,1,3,1945,3,3,2,1,2
1,2,2,1966,3,2,4,4,2
1,2,3,1960,3,1,4,1,2
2,3,5,1958,4,1,3,2,2
1,2,4,1943,2,3,4,3,1
1,2,4,1951,3,3,3,1,1
1,3,6,1967,2,1,4,4,1
1,1,6,1971,3,3,2,1,2
1,2,1,1980,2,1,4,2,1
1,2,4,1933,3,2,4,4,1
3,1,1,1971,3,1,2,3,2
1,4,3,1956,3,1,3,1,1
1,1,3,1991,1,1,4,4,2
1,3,3,1953,1,1,3,3,2
1,2,2,1930,3,1,4,3,1
1,1,3,1921,3,1,2,4,2
1,3,5,1960,3,1,3,4,2
2,3,2,1954,2,1,3,2,1
1,4,6,1977,3,3,3,1,2
2,2,6,1972,3,1,2,4,2
1,1,4,1958,3,1,2,2,2
1,2,6,1972,2,1,3,3,2
1,1,5,1970,2,2,4,4,1
1,3,3,1948,3,2,4,3,2
1,4,3,1967,3,2,3,2,1
1,3,4,1950,2,1,3,2,1
1,1,6,1969,2,2,3,4,1
,1,5,1981,1,1,3,,2
1,1,2,1976,1,1,3,4,1
1,1,4,1949,2,3,3,4,2
1,2,5,1968,3,1,3,3,1
1,4,2,1981,1,3,4,3,2
1,1,6,1966,2,1,4,4,2
2,3,5,1989,1,2,3,2,1
1,4,6,1956,3,3,4,1,2
1,2,5,1961,2,1,3,1,1
1,1,5,1981,1,3,3,2,2
1,2,6,1974,3,1,4,3,2
1,3,6,1972,2,1,3,4,1
1,1,6,1977,3,1,1,4,1
1,2,2,1968,2,1,4,3,2
1,2,5,1943,2,1,3,1,1
1,4,2,1943,3,1,3,2,1
2,1,5,1983,2,1,4,3,2
2,2,6,1968,3,1,3,2,1
1,2,6,1952,3,3,2,4,1
2,1,3,1958,3,3,3,2,1
1,3,6,1952,3,1,3,4,2
2,4,3,1947,2,1,3,3,2
1,3,5,1961,2,3,4,4,2
1,3,3,1950,3,2,4,3,2
1,3,2,1935,2,1,3,3,1
1,3,5,1946,3,1,3,2,1
2,4,5,1979,1,2,2,3,1
1,4,3,1941,3,2,4,3,1
1,4,3,1961,3,2,4,2,2
1,3,6,1983,3,1,1,1,2
1,2,2,1950,2,1,4,3,1
1,4,5,1951,3,2,4,3,1
1,2,5,1959,2,1,2,1,1
5,5,3,1956,3,2,5,5,1
1,4,5,1988,3,1,4,3,2
1,1,5,1964,3,2,4,4,1
1,4,3,1942,3,,4,3,2
1,4,2,1935,3,2,4,1,2
1,4,5,1953,3,2,4,3,2
,,3,1974,2,1,4,1,1
1,4,4,1972,4,2,4,1,1
1,2,5,1971,2,3,3,3,1
2,4,3,1965,3,3,2,1,2
1,3,3,1942,3,2,4,3,2
1,1,4,1949,3,1,4,4,2
1,4,5,1956,3,1,3,1,1
1,2,5,1949,2,1,3,2,1
1,2,2,1935,3,2,4,4,1
1,4,6,1950,3,1,3,3,2
1,2,3,1963,2,3,2,3,1
1,2,3,1952,3,1,2,1,1
1,4,3,1959,3,2,4,4,2
1,2,2,1936,3,1,4,4,1
2,3,6,1955,3,1,4,4,1
1,2,4,1958,3,2,4,4,2
1,1,5,1978,3,1,2,3,2
1,2,2,1988,3,1,4,3,1
2,4,2,1943,1,3,4,1,2
1,2,5,1950,3,3,2,2,1
1,3,3,1957,3,1,3,2,2
1,4,2,1957,2,1,4,2,1
1,4,5,1958,3,2,3,1,1
1,3,3,1965,2,1,4,4,2
1,3,3,1935,3,2,4,3,1
1,3,6,1982,3,1,4,2,2
1,2,6,1956,3,1,4,4,1
2,1,5,1963,2,1,2,3,2
1,2,2,1931,2,2,4,2,1
1,1,2,1957,3,1,3,1,2
1,2,3,1956,3,1,3,2,2
1,1,5,1971,3,1,4,4,2
2,2,6,1981,2,1,3,3,2
1,4,3,1964,3,1,4,4,2
1,1,3,1958,3,1,4,4,2
2,3,5,1989,3,1,4,1,2
2,3,3,1957,3,1,2,2,1
1,4,1,1961,2,1,3,3,1
2,1,4,1988,2,1,3,3,2
1,3,6,1973,3,1,4,3,2
1,4,4,1959,2,1,4,1,1
1,1,3,1950,1,3,4,4,1
1,4,5,1978,3,1,4,4,2
1,,2,1972,1,3,4,,1
1,2,5,1962,1,3,4,4,1
1,1,2,1981,2,3,4,4,2
1,2,2,1959,2,3,4,3,2
1,3,3,1964,3,3,4,3,1
1,4,5,1954,3,2,4,3,1
1,4,3,1947,2,1,4,1,1
1,2,5,1984,3,1,1,3,2
1,1,4,1950,2,1,3,4,1
1,1,5,1955,3,1,3,3,2
1,3,4,1950,3,2,4,3,1
1,4,6,1952,3,2,4,1,2
1,1,5,1948,3,1,3,4,2
1,1,3,1958,3,1,4,4,1
1,2,6,1983,3,1,2,2,2
1,4,2,1951,3,1,4,1,2
1,3,3,1947,3,1,4,2,1
1,4,3,1964,2,1,4,1,1
1,1,6,1951,3,1,3,1,1
2,2,6,1950,2,2,3,3,1
1,3,5,1956,2,1,4,1,1
1,4,5,1969,3,2,4,1,1
1,1,3,1952,2,1,4,4,1
1,2,6,1952,3,1,4,3,2
1,1,3,1971,3,2,4,1,2
1,4,2,1939,3,1,4,2,2
1,3,3,1988,3,2,4,4,1
1,3,5,1963,3,1,4,1,2
1,3,2,1949,3,1,3,2,1
1,1,6,1950,3,1,3,4,1
1,2,3,1955,3,1,3,4,2
1,1,6,1964,3,1,2,4,1
1,2,2,1980,2,2,4,2,2
1,2,5,1984,3,2,4,4,1
2,1,3,1960,3,1,3,3,2
1,4,2,1970,3,1,3,1,1
1,1,2,1976,2,1,4,4,1
1,2,5,1963,2,2,4,4,2
1,3,6,1957,3,1,4,3,2
1,1,6,1947,3,1,3,4,1
1,4,2,1978,3,2,3,3,1
1,4,5,1983,2,1,3,1,1
1,4,3,1934,3,2,4,1,1
1,4,3,1951,2,,4,4,1
1,1,5,1962,3,1,4,4,2
1,2,5,1989,2,2,4,3,1
1,1,3,1990,1,1,3,3,1
1,2,5,1954,2,3,3,2,2
1,1,5,1986,3,1,3,2,2
2,3,3,1951,1,2,3,3,2
1,3,3,1955,3,1,3,2,1
1,2,5,1975,2,2,4,4,1
2,3,3,1958,2,1,3,2,2
1,3,3,1952,2,1,4,3,1
1,4,5,1951,3,2,4,3,1
1,2,5,1970,2,1,4,4,1
1,4,3,1947,3,2,4,4,1
1,2,4,1961,2,1,3,4,1
1,1,5,1978,2,1,3,4,2
1,3,6,1952,3,2,4,2,1
1,4,2,1954,3,2,4,3,1
1,3,4,1949,3,2,4,3,2
1,2,4,1967,1,1,4,4,1
1,1,3,1972,2,1,3,4,1
1,3,5,1953,3,3,4,2,2
1,2,2,1947,2,1,4,3,2
1,4,3,1961,3,3,4,1,1
1,1,5,1988,2,1,4,4,2
1,4,4,1965,3,1,3,3,1
1,2,3,1980,2,1,4,2,1
1,3,2,1948,3,2,4,4,1
1,4,2,1968,3,2,4,4,1
1,2,5,1973,3,2,4,4,1
1,1,1,1948,2,1,4,3,1
1,2,5,1964,3,2,4,4,1
1,3,3,1956,3,2,4,2,1
1,2,5,1972,3,2,4,2,1
2,4,5,1950,3,,4,4,2
1,3,2,1961,2,1,4,1,2
1,1,4,1971,3,1,4,4,2
1,4,3,1961,3,2,4,4,1
2,2,2,1974,1,2,3,2,2
1,3,6,1983,3,1,2,2,1
1,1,5,1958,3,1,2,4,1
2,2,2,1930,3,1,2,1,1
2,1,4,1978,2,1,3,2,1
1,3,2,1951,2,1,4,2,2
1,3,4,1951,3,1,4,3,1
1,3,5,1973,2,2,4,4,1
1,2,3,1960,2,3,4,2,1
1,3,2,1953,2,1,4,2,2
2,4,6,1932,2,2,3,2,1
1,4,4,1979,2,1,4,4,1
1,4,5,1957,3,2,4,2,2
1,2,4,1962,3,1,2,2,2
1,2,2,1963,2,2,4,3,2
1,2,2,1941,2,3,4,3,2
1,2,6,1966,3,1,2,1,1
1,4,6,1971,3,1,3,3,2
1,4,3,1949,3,2,4,1,1
1,4,5,1956,3,2,4,1,2
1,4,6,1940,3,2,4,2,1
1,4,5,1949,3,3,4,1,2
1,2,5,1966,3,1,4,1,1
1,3,3,1958,3,1,4,3,2
2,2,5,1988,3,2,4,4,2
1,2,5,1948,3,1,1,2,1
1,2,3,1953,3,3,2,3,1
1,2,5,1977,1,1,4,3,2
1,4,3,1954,3,2,4,3,2
2,4,2,1963,1,2,3,1,2
1,2,3,1971,3,2,4,3,2
1,4,6,1963,3,2,4,4,1
1,3,3,1951,3,3,4,4,2
1,1,1,1930,2,2,4,4,1
1,2,4,1977,2,1,4,4,1
1,3,2,1957,3,,4,4,1
1,3,4,1940,3,2,4,3,2
1,3,4,1953,3,2,4,3,2
1,3,6,1960,3,2,4,4,1
1,4,6,1940,3,2,4,3,2
1,1,6,1949,3,1,3,4,2
1,3,5,1961,2,2,4,,1
1,2,6,1983,3,1,2,2,1
1,2,5,1983,3,2,4,4,1
1,,3,1973,1,3,,3,1
2,1,5,1986,1,1,2,4,2
1,2,4,1959,2,1,3,2,1
1,4,2,1935,2,2,4,4,2
1,4,4,1950,3,3,3,2,1
1,4,3,1962,3,2,4,4,1
1,3,6,1963,3,2,4,4,1
2,3,6,1953,3,2,4,4,1
1,2,3,1937,3,1,3,3,1
1,4,3,1959,3,3,4,1,2
1,2,5,1986,3,1,2,3,2
1,4,5,1951,2,2,4,1,1
1,1,5,1979,3,1,3,3,2
1,4,5,1971,3,2,3,4,1
1,4,3,1965,2,3,4,2,1
1,1,6,1963,3,1,1,1,2
1,3,5,1952,3,2,3,1,1
1,3,5,1963,3,2,4,3,1
1,4,1,1968,3,2,4,4,1
1,3,3,1953,3,2,3,4,2
1,4,5,1973,3,2,4,4,1
,2,2,1961,2,3,4,4,2
1,4,5,1968,3,2,4,1,2
2,3,6,1949,3,2,4,4,2
5,5,6,1954,3,2,5,5,1
1,4,6,1968,3,2,4,3,2
1,2,5,1957,3,2,4,2,1
1,4,4,1943,3,2,4,3,2
1,3,3,1959,2,2,4,4,1
1,2,2,1949,3,2,4,3,2
1,4,6,1953,3,2,4,4,1
2,4,2,1966,3,3,3,3,2
2,2,5,1963,3,1,2,4,1
1,2,6,1948,3,2,4,2,1
1,3,2,1952,2,3,4,2,1
1,4,5,1964,3,2,4,4,1
1,2,5,1978,2,2,3,2,2
1,4,3,1967,3,3,4,4,1
1,1,4,1956,2,3,4,4,2
1,4,3,1977,2,1,4,3,1
1,1,2,1965,3,1,4,4,2
1,3,6,1958,3,2,4,2,1
5,5,5,1971,3,2,5,5,1
1,3,3,1956,2,2,4,4,2
1,4,3,1950,3,2,4,1,2
1,3,5,1960,3,2,4,3,1
1,4,5,1971,2,2,3,1,1
1,2,3,1974,3,2,4,4,1
1,4,6,1960,3,2,3,2,1
1,4,3,1946,3,2,4,1,1
1,4,5,1960,3,2,4,3,2
1,3,6,1957,3,3,4,4,2
1,3,3,1985,2,1,3,2,2
1,1,6,1951,3,1,3,2,2
1,3,3,1965,2,2,3,2,2
1,3,5,1953,3,2,4,4,2
2,1,6,1975,3,1,3,3,1
3,3,2,1966,1,1,2,2,2
1,2,2,1930,3,1,4,4,2
1,2,3,1934,3,2,4,3,2
1,3,2,1947,3,2,4,4,2
2,1,5,1986,3,1,2,4,1
1,4,2,1959,3,2,3,4,1
1,4,3,1966,3,2,4,1,2
1,4,3,1940,3,1,4,3,2
1,,4,1977,3,1,4,,1
1,4,6,1977,1,2,3,1,1
,3,5,1966,1,2,4,2,1
1,4,1,1967,3,2,4,4,2
2,2,2,1950,1,1,3,2,1
1,4,4,1962,2,2,4,2,2
1,4,2,1961,3,2,4,4,1
1,2,2,1951,3,3,4,4,1
1,3,5,1944,3,2,4,2,1
1,3,6,1952,3,3,3,2,2
1,2,2,1957,3,1,2,4,2
1,4,2,1947,3,2,4,1,1
1,3,5,1960,3,2,4,4,2
1,3,3,1964,2,3,3,2,1
1,4,6,1956,3,2,4,2,2
1,1,5,1972,3,1,2,1,1
1,2,5,1945,3,2,4,3,1
1,4,5,1987,1,1,3,3,1
1,4,3,1952,3,2,4,1,1
1,3,5,1950,3,2,4,4,2
1,2,5,1952,3,1,3,1,2
5,5,3,1964,3,2,5,5,1
1,3,2,1964,3,2,4,4,2
1,3,4,1957,3,3,4,1,2
1,1,4,1953,3,1,4,3,2
1,1,4,1963,3,1,3,4,2
2,1,2,1943,3,1,3,2,1
1,4,2,1959,2,2,4,4,1
1,2,5,1973,3,1,4,4,1
1,1,5,1992,3,2,4,3,2
1,4,2,1956,3,3,4,4,2
1,3,2,1946,2,3,4,2,1
1,3,5,1961,3,2,4,4,2
1,1,6,1963,3,1,4,4,2
1,4,6,1969,2,2,4,4,1
1,1,2,1982,3,1,4,2,2
1,4,2,1948,3,2,4,2,1
1,3,2,1954,3,1,2,3,1
1,3,2,1935,3,2,4,4,2
5,5,3,1980,1,1,5,5,1
1,4,3,1951,3,2,4,4,1
2,3,5,1957,3,2,4,,1
1,3,3,1955,2,2,4,4,1
1,3,5,1932,3,2,4,2,1
1,3,6,1970,3,2,4,3,2
1,1,3,1931,3,2,4,4,2
1,4,5,1964,3,2,4,2,1
1,4,6,1945,3,2,4,3,1
1,3,6,1956,3,2,4,3,2
1,4,3,1972,3,2,4,3,2
1,4,5,1960,3,2,4,3,2
1,3,3,1963,2,3,4,2,2
1,4,4,1956,3,3,4,2,2
,3,5,1968,3,2,4,,2
2,2,3,1961,4,3,3,3,2
1,4,3,1960,3,2,4,4,1
2,1,6,1964,3,2,4,4,1
1,2,2,1949,3,2,4,4,1
1,4,6,1961,3,2,4,2,2
1,4,2,1949,3,2,4,3,2
1,2,6,1973,3,1,4,2,2
1,3,4,1961,3,2,4,3,1
1,1,6,1959,3,1,2,4,2
1,3,4,1949,3,2,4,2,2
2,2,5,1954,4,,4,3,1
1,3,2,1957,3,2,4,4,2
2,1,6,1944,3,1,2,4,1
1,3,4,1960,2,1,3,2,2
1,2,4,1951,3,1,2,2,2
1,2,3,1962,2,2,4,4,2
1,3,5,1952,2,1,3,3,2
1,3,6,1957,3,2,4,1,1
1,3,4,1947,3,1,3,1,1
2,1,4,1972,2,1,3,1,2
1,3,3,1967,3,2,4,3,2
1,4,4,1957,3,1,4,2,1
1,4,5,1961,3,2,4,4,1
1,2,5,1957,3,2,4,3,1
1,3,5,1984,3,2,4,3,2
1,4,3,1942,3,2,4,4,2
1,4,4,1968,3,2,4,3,1
1,4,4,1966,3,2,4,2,2
1,2,5,1965,3,1,4,2,1
1,3,5,1946,2,3,4,4,1
1,1,5,1967,3,2,4,4,1
1,3,5,1955,3,2,3,3,2
1,4,3,1942,3,3,4,3,2
1,2,2,1958,3,1,3,3,2
1,1,3,1968,3,2,4,4,1
1,4,2,1954,3,2,4,2,2
2,4,2,1946,2,2,3,1,1
1,4,3,1967,3,2,4,2,2
1,3,3,1961,3,3,4,2,1
2,1,3,1971,3,2,3,4,2
1,2,5,1989,2,1,3,3,1
1,4,3,1958,2,3,4,1,1
1,2,4,1981,3,2,4,2,2
1,4,3,1968,3,2,4,3,2
1,1,5,1939,3,1,3,4,2
1,2,5,1969,3,3,3,3,2
1,1,2,1959,3,2,4,4,2
1,1,3,1966,3,1,4,4,2
3,4,5,1965,3,2,4,2,2
1,4,3,1984,2,2,3,1,1
1,1,1,1959,2,1,4,4,1
1,3,4,1977,2,2,4,2,1
1,1,3,1972,2,1,4,3,1
1,1,2,1960,3,2,4,4,1
2,4,2,1960,2,3,2,2,2
1,3,5,1936,3,2,4,1,1
1,4,2,1947,2,1,3,4,2
1,3,5,1955,2,1,2,2,2
1,4,3,1962,3,2,4,3,2
1,2,6,1948,3,1,4,4,1
1,4,,1947,3,3,4,4,1
1,4,3,1953,3,2,4,4,1
1,4,6,1963,3,2,4,1,2
1,3,2,1957,3,1,4,4,1
1,1,6,1945,3,1,3,4,1
1,4,5,1963,3,2,4,4,2
1,2,2,1943,2,3,4,4,1
1,1,5,1982,2,1,2,2,1
1,4,3,1956,1,3,3,1,1
1,3,5,1972,3,2,4,2,1
1,3,2,1955,3,1,4,4,1
1,2,2,1972,2,1,4,3,1
1,2,3,1967,2,1,4,4,2
1,3,2,1934,3,1,3,2,1
1,4,4,1954,3,2,4,3,2
1,3,2,1962,2,1,3,2,2
1,1,3,1954,3,1,1,1,1
1,2,6,1939,3,2,4,1,1
1,3,3,1939,3,2,4,3,1
1,4,3,1938,3,2,4,2,2
1,4,2,1960,3,2,4,4,2
1,3,3,1957,3,2,4,2,1
1,4,3,1943,3,2,4,4,2
1,2,6,1953,3,1,2,4,2
1,1,6,1959,3,1,3,4,1
1,1,1,1954,3,3,1,1,1
1,3,1,1988,2,1,4,2,2
1,1,6,1964,3,1,4,2,2
2,3,6,1952,2,1,1,2,1
1,4,6,1939,3,2,4,2,2
1,3,2,1968,3,2,4,3,1
1,2,3,1937,3,1,4,4,2
1,2,6,1941,3,2,4,4,1
1,3,3,1961,3,2,4,2,2
1,1,5,1932,3,1,4,4,1
1,1,5,1987,3,1,2,3,2
1,4,5,1953,3,1,3,2,1
1,4,3,1950,3,3,4,2,1
1,1,6,1978,3,2,4,4,1
2,2,3,1954,2,1,3,2,1
1,3,5,1982,3,1,2,2,2
1,3,5,1951,3,1,4,2,1
2,,5,1964,3,2,3,4,1
1,3,4,1953,3,2,4,2,2
1,2,3,1957,3,1,2,4,1
1,1,2,1944,3,1,2,4,2
2,2,1,1969,1,3,3,3,2
1,1,5,1973,2,1,4,3,1
1,3,3,1963,3,2,4,4,1
1,4,5,1950,3,3,2,1,1
1,1,3,1958,2,2,4,3,1
1,3,4,1962,3,2,3,3,2
1,3,4,1948,2,2,4,3,1
1,4,5,1971,2,1,3,2,1
1,4,5,1943,3,2,4,1,2
1,4,5,1967,3,2,4,3,1
1,4,1,1963,3,2,4,4,2
1,4,5,1960,3,2,4,3,1
1,2,6,1956,1,3,4,4,1
1,4,4,1964,3,3,4,3,1
1,3,3,1966,2,2,4,3,1
1,3,2,1968,2,1,3,2,1
1,4,5,1962,3,2,4,1,2
1,3,4,1961,3,2,4,2,2
1,4,2,1941,3,1,4,3,1
1,3,1,1944,1,1,4,2,1
1,4,3,1949,2,3,4,2,2
1,3,5,1988,2,1,4,3,1
1,3,6,1963,3,2,4,2,2
2,4,3,1972,3,2,4,4,1
1,3,3,1961,3,2,4,3,1
1,4,6,1986,3,2,4,2,1
1,3,6,1952,3,2,4,3,1
1,1,3,1950,2,1,4,4,1
1,3,5,1987,3,3,4,4,1
1,3,3,1958,3,1,2,2,1
1,1,2,1967,3,2,4,4,1
1,3,5,1948,3,2,4,2,2
1,3,6,1975,3,1,4,2,1
1,3,5,1946,3,2,4,4,1
,,2,1988,,,,,2
1,3,5,1978,2,1,3,1,1
1,3,5,1966,3,3,4,4,2
1,4,4,1958,3,2,4,4,1
1,2,6,1940,3,1,4,3,1
1,3,5,1934,3,2,4,2,1
2,4,2,1959,3,1,4,3,2
1,2,5,1980,3,1,4,2,2
1,4,3,1977,1,3,4,4,1
1,3,6,1960,3,2,4,2,1
1,4,2,1938,3,2,4,4,2
1,2,3,1986,3,2,4,4,2
1,4,2,1931,2,1,4,4,1
1,2,5,1964,2,1,3,3,1
1,1,2,1980,3,1,4,3,1
1,3,3,1959,3,2,4,3,1
1,3,3,1956,3,2,4,4,2
1,1,2,1933,3,1,1,4,1
1,3,3,1953,3,2,4,3,2
1,3,5,1974,3,1,4,2,1
1,2,3,1963,3,1,3,3,2
1,2,5,1946,3,2,4,4,1
1,1,6,1970,3,1,2,2,2
1,1,3,1947,3,3,4,2,2
1,2,2,1946,2,1,4,2,2
1,3,2,1953,3,2,3,3,2
1,1,6,1961,3,1,3,4,2
2,1,5,1949,3,1,2,4,2
1,4,4,1967,3,1,4,2,2
1,4,3,1930,3,2,4,3,1
1,4,5,1963,2,2,4,2,2
1,1,3,1989,1,,4,4,1
2,2,3,1990,2,3,3,3,1
2,3,5,1962,3,2,2,2,2
1,2,3,1987,2,1,3,3,2
2,1,6,1981,2,1,3,3,1
1,4,6,1967,2,2,4,4,1
1,2,5,1972,3,3,4,4,2
1,2,4,1963,3,1,2,4,1
2,4,2,1966,2,2,4,2,2
1,4,3,1979,1,3,3,3,1
1,3,2,1945,3,3,1,1,2
1,3,2,1960,3,2,4,4,2
1,4,6,1970,3,2,4,2,2
1,2,3,1989,3,1,4,3,2
1,1,6,1949,3,2,4,2,1
1,3,5,1954,2,2,4,4,2
1,2,3,1968,3,1,3,1,1
,1,4,1954,1,1,4,4,1
1,4,2,1943,3,2,4,3,2
1,4,3,1967,3,2,4,1,2
1,3,5,1961,3,3,4,1,1
1,4,3,1928,3,2,4,2,2
1,3,4,1958,2,1,4,2,2
1,4,2,1952,3,1,4,2,2
2,4,2,1957,3,,4,2,1
1,4,2,1966,3,2,4,4,2
1,2,5,1960,3,1,3,1,1
5,5,3,1949,2,3,5,5,1
2,4,3,1938,2,2,4,2,2
2,1,3,1985,2,1,4,3,2
1,4,3,1952,2,2,4,1,2
1,3,5,1951,3,1,4,2,2
1,2,5,1955,3,1,4,3,1
1,2,4,1956,3,2,4,3,1
1,1,2,1944,3,2,4,4,1
1,4,4,1954,3,3,4,1,2
1,1,6,1958,3,1,3,2,1
1,4,3,1965,4,2,3,2,1
1,3,4,1962,2,1,4,3,1
1,2,2,1982,2,1,3,4,2
1,3,3,1952,2,1,4,,1
1,2,3,1953,3,2,4,3,1
2,1,3,1970,3,3,2,4,2
2,2,3,1956,2,1,3,3,2
1,4,2,1957,3,2,4,3,2
1,2,3,1950,3,1,4,1,2
1,2,2,1948,2,1,4,3,2
1,4,3,1969,3,2,4,4,2
1,2,6,1960,3,1,4,1,2
1,2,3,1970,3,2,4,4,2
1,1,3,1944,3,1,3,1,1
1,3,3,1984,3,2,4,4,2
2,2,6,1984,3,1,3,1,2
1,3,3,1951,2,1,4,4,1
1,3,5,1960,2,1,3,3,2
1,4,6,1948,3,2,4,2,2
2,1,4,1978,1,1,2,2,1
1,3,2,1972,3,2,4,2,1
1,4,1,1958,2,3,4,3,2
1,4,4,1959,3,2,4,4,1
1,4,2,1966,2,1,3,1,1
1,1,2,1946,2,2,4,4,2
1,3,1,1957,2,2,4,4,2
1,2,5,1983,3,1,3,2,1
1,2,4,1959,3,1,3,4,2
1,4,6,1959,3,3,2,4,2
1,1,5,1942,3,1,3,4,1
1,3,3,1977,2,1,4,4,2
1,1,4,1960,2,3,4,4,2
1,1,3,1988,3,1,3,3,2
1,2,5,1952,2,1,4,3,1
1,1,5,1973,3,1,4,4,2
1,2,3,1953,3,1,4,2,1
1,2,3,1941,2,1,3,3,2
1,1,4,1982,3,2,4,4,1
1,1,5,1979,3,1,4,4,2
1,3,5,1960,3,2,4,1,2
1,4,6,1950,3,2,4,2,1
1,3,4,1982,3,1,3,2,2
1,4,3,1936,3,3,3,3,2
1,4,3,1951,3,2,4,3,1
1,1,6,1963,3,1,4,3,1
,2,3,1939,2,1,4,,1
1,1,4,1966,2,1,4,3,2
1,3,3,1960,3,3,4,2,1
1,4,3,1964,3,2,4,3,1
1,2,2,1939,3,1,4,2,2
2,2,3,1966,3,1,2,2,1
1,4,2,1942,3,2,4,1,2
1,4,4,1958,2,1,3,1,1
1,4,5,1929,3,2,4,4,1
1,1,2,1951,3,1,3,4,2
1,2,2,1964,2,1,4,2,2
1,4,4,1971,2,2,4,4,1
1,4,5,1983,3,2,4,3,2
1,4,3,1956,2,2,4,4,1
1,2,3,1951,2,3,4,2,1
,4,6,1941,3,2,4,3,1
1,3,6,1950,3,1,2,3,1
2,3,3,1960,4,2,3,3,1
1,2,2,1961,1,3,4,3,2
1,4,2,1964,4,3,,3,1
1,4,5,1965,2,3,3,3,1
1,2,5,1976,3,1,4,3,1
1,3,2,1957,2,1,3,4,1
1,4,4,1960,3,2,4,4,1
1,4,6,1962,3,2,4,4,1
1,1,6,1965,3,1,3,4,1
1,4,5,1966,2,2,4,4,1
1,4,2,1950,3,3,4,4,1
1,3,6,1971,3,1,4,1,2
1,4,5,1954,3,3,4,2,1
1,2,3,1957,3,3,4,3,2
1,4,5,1941,3,2,4,4,2
1,4,2,1950,2,1,4,1,2
1,4,6,1970,3,3,4,2,1
1,4,3,1945,2,1,4,4,2
1,2,3,1952,3,2,4,3,2
1,3,2,1953,3,2,4,3,2
1,1,5,1944,3,1,2,4,1
1,3,2,1959,2,2,4,3,1
1,2,6,1959,3,1,3,3,1
1,1,4,1957,3,1,3,1,1
1,3,5,1987,3,1,3,2,1
1,3,2,1954,2,1,3,3,1
2,3,3,1959,2,3,4,2,2
1,3,2,1962,2,1,4,3,1
,,3,1964,3,2,,,1
1,1,2,1967,3,1,2,1,1
1,2,6,1934,3,1,4,4,2
1,4,4,1952,3,1,2,1,2
1,3,3,1947,3,2,4,4,1
2,3,6,1958,2,1,4,1,1
1,3,5,1976,1,2,4,4,2
1,2,5,1943,3,1,3,2,1
1,2,2,1951,3,3,4,2,2
1,3,2,1966,1,3,4,1,2
1,4,5,1956,2,2,3,4,2
1,2,6,1962,2,1,2,2,2
1,4,5,1966,2,2,4,1,1
1,3,4,1950,3,3,4,3,2
1,3,3,1956,3,3,4,1,2
1,3,3,1970,2,3,4,2,2
1,1,6,1976,3,1,4,3,1
1,2,5,1957,3,1,4,4,2
1,2,5,1963,3,1,1,3,2
1,3,2,1964,3,2,4,3,1
1,4,2,1946,3,2,4,4,2
1,4,1,1960,2,1,4,4,2
1,1,3,1969,3,1,4,4,2
1,3,2,1952,3,1,4,4,1
2,4,2,1950,3,1,3,1,1
1,4,2,1954,2,1,3,2,1
1,1,2,1938,3,1,3,4,2
1,4,5,1963,3,2,4,1,1
1,3,3,1965,2,1,4,4,2
1,4,2,1940,3,2,3,4,1
1,3,3,1958,3,2,4,3,2
2,1,2,1975,3,1,2,1,1
1,1,2,1960,1,2,4,4,2
1,3,5,1953,2,2,3,2,1
2,3,6,1963,2,2,3,2,2
1,4,3,1970,2,1,4,3,1
2,4,5,1950,2,1,3,3,2
1,3,2,1957,1,1,4,2,1
1,4,6,1985,3,2,4,2,2
1,4,6,1929,3,2,4,4,2
1,1,4,1932,3,2,4,4,1
1,3,6,1962,3,2,4,2,1
1,4,3,1943,3,2,4,4,1
1,4,3,1969,3,2,4,3,1
1,4,6,1958,3,2,4,2,1
1,3,4,1961,3,2,4,2,2
1,3,2,1953,3,2,4,3,2
1,1,5,1971,2,1,3,4,1
1,4,5,1977,3,2,3,4,2
1,3,2,1938,3,2,4,3,1
1,4,5,1976,3,2,4,3,2
1,4,3,1947,3,1,4,4,2
1,1,3,1958,3,2,3,1,2
1,3,5,1966,2,2,4,4,2
2,4,5,1946,2,2,4,1,2
1,4,2,1979,1,1,1,2,1
1,4,2,1939,3,1,4,1,2
1,1,5,1948,3,1,2,1,1
1,3,4,1955,2,1,3,2,1
1,1,3,1962,3,2,4,4,2
1,2,4,1956,2,1,3,3,1
1,4,2,1959,3,2,4,4,2
1,3,6,1946,3,2,4,2,2
1,1,6,1949,3,2,4,4,2
1,4,5,1956,3,2,3,4,1
1,1,3,1969,3,2,4,4,2
1,2,5,1983,3,1,3,2,1
1,4,2,1956,3,2,4,2,2
1,4,6,1978,3,2,4,4,1
1,3,2,1933,3,2,4,4,2
2,3,3,1950,3,1,2,2,2
,2,5,1944,3,1,2,4,2
1,4,2,1953,3,2,4,2,1
2,1,4,1965,2,1,3,4,2
2,2,6,1938,3,2,4,2,2
1,3,6,1958,3,2,4,2,1
1,4,2,1953,3,2,4,4,2
2,2,5,1979,3,1,2,3,2
1,3,6,1942,3,3,4,3,2
1,1,6,1950,3,1,2,3,2
2,1,5,1954,3,1,2,4,2
,,5,1989,4,3,,,1
2,3,2,1939,2,1,3,3,1
,3,2,1970,2,,,3,1
1,4,2,1947,2,3,4,1,1
1,4,3,1951,3,3,4,1,1
1,4,2,1960,3,2,4,3,2
1,3,5,1940,3,2,4,3,1
1,4,5,1980,3,2,4,3,1
1,3,3,1952,2,1,3,2,2
1,1,6,1959,3,1,4,3,2
1,4,5,1938,3,3,4,4,2
1,1,5,1956,1,2,4,4,1
1,2,2,1983,3,1,3,2,2
1,4,1,1946,3,1,4,4,1
1,2,3,1972,3,1,3,2,2
1,4,2,1969,1,2,4,4,1
1,4,6,1946,3,1,4,3,2
1,4,2,1939,3,3,4,1,1
1,4,4,1957,3,1,4,3,1
1,4,2,1942,2,1,4,2,2
1,4,2,1944,3,1,4,4,1
1,3,5,1950,3,3,3,2,1
1,3,2,1976,2,3,4,4,1
1,2,3,1973,2,2,4,4,2
1,3,4,1957,2,1,4,2,1
1,1,5,1948,3,3,4,4,1
1,4,2,1961,3,1,4,1,2
1,2,6,1943,3,1,3,1,2
1,2,4,1942,3,2,4,4,2
1,4,6,1943,3,3,4,3,2
1,4,2,1969,3,2,4,1,1
1,4,3,1946,3,3,4,4,2
1,4,5,1964,3,3,4,1,1
1,4,6,1940,3,1,4,3,2
1,1,3,1947,2,1,4,3,1
1,1,4,1946,2,1,3,4,1
1,3,2,1934,3,2,4,4,2
1,4,6,1968,3,2,4,1,2
1,2,2,1951,3,1,2,2,1
1,3,6,1985,3,2,4,2,1
1,4,4,1958,3,1,3,1,1
2,3,3,1957,3,1,3,2,1
1,4,2,1941,2,1,4,4,2
1,1,3,1954,3,1,3,2,1
1,2,5,1985,3,1,4,2,2
1,1,1,1980,2,1,4,4,2
1,1,4,1941,3,1,4,4,2
1,1,5,1982,3,1,2,4,2
1,4,4,1970,3,2,4,3,2
1,3,2,1956,3,3,4,4,2
1,3,2,1958,2,1,3,3,1
5,5,6,1976,3,2,5,5,1
2,1,3,1952,2,1,1,4,1
2,2,2,1961,4,3,3,3,1
1,3,5,1957,2,2,4,2,1
1,4,6,1959,3,2,4,1,1
1,4,5,1971,3,2,4,2,1
1,2,6,1976,3,2,4,2,1
1,4,3,1958,3,2,4,4,1
2,1,5,1986,3,1,3,3,1
1,1,5,1970,3,2,4,4,1
2,2,3,1982,3,2,3,4,1
1,2,4,1989,2,1,4,3,2
1,1,3,1956,3,1,4,4,2
1,1,3,1960,1,1,4,3,2
1,1,3,1961,2,1,4,4,2
2,3,5,1961,3,1,3,1,1
1,4,2,1947,3,2,4,2,2
2,3,2,1961,3,2,2,4,1
1,1,6,1976,2,2,3,3,1
1,1,6,1968,3,1,4,2,2
1,2,3,1953,3,1,4,3,1
1,1,5,1949,3,1,1,4,1
1,4,4,1962,3,3,4,1,2
1,1,3,1954,3,1,4,4,1
2,3,2,1948,2,1,3,2,1
1,4,5,1989,3,1,3,3,1
1,1,3,1990,3,1,2,4,1
1,1,2,1940,3,1,3,4,1
1,1,3,1972,3,1,4,4,2
1,1,5,1949,3,1,4,4,1
1,2,5,1978,3,1,2,4,2
1,2,3,1957,3,2,4,1,2
1,1,1,1945,3,2,4,4,1
1,3,5,1962,3,2,4,2,1
1,1,2,1968,2,1,1,3,1
1,3,5,1974,,1,4,2,2
1,1,4,1948,2,1,3,3,1
1,4,4,1975,2,2,3,4,2
1,2,3,1956,2,1,3,3,1
1,3,2,1945,3,2,4,2,2
1,4,3,1953,3,1,3,3,1
1,1,4,1930,3,1,4,4,1
1,3,2,1948,2,1,3,3,1
1,2,6,1950,3,1,4,4,2
4,4,2,1941,2,1,1,3,1
1,4,1,1961,1,2,4,4,1
1,1,2,1967,2,2,2,4,1
1,4,6,1943,3,2,4,2,2
1,4,6,1939,3,2,4,2,2
1,4,6,1961,3,2,4,1,1
1,2,3,1953,3,1,4,3,1
1,3,4,1948,2,2,4,4,1
1,2,4,1969,1,1,4,4,2
1,2,3,1958,3,2,4,4,2
1,,2,1938,3,2,,,1
1,3,2,1970,2,2,4,3,2
1,4,3,1943,3,2,4,4,2
1,2,5,1952,3,3,4,2,1
1,1,2,1934,3,1,4,4,1
1,4,5,1979,1,1,4,1,1
1,3,6,1952,3,1,4,4,1
1,2,4,1964,3,2,4,3,2
1,1,6,1964,3,1,3,3,1
1,4,3,1959,3,2,,,2
1,4,5,1963,2,2,4,4,2
1,2,2,1952,2,3,4,3,2
1,4,6,1956,3,3,4,4,2
1,2,3,1960,3,3,4,3,1
1,1,2,1948,3,1,2,2,2
1,4,2,1959,2,1,2,4,2
1,4,4,1949,3,2,4,4,2
2,4,2,1945,3,1,2,1,1
1,4,3,1947,2,1,4,2,2
2,1,3,1964,2,2,3,4,1
2,2,3,1958,2,1,3,3,2
1,3,5,1952,3,2,4,2,2
1,2,5,1978,3,2,3,4,1
2,1,6,1954,2,3,3,1,2
1,2,2,1962,2,1,4,2,2
1,4,2,1967,3,2,4,4,2
1,2,3,1961,2,1,3,2,2
1,2,6,1960,3,2,3,2,1
1,3,5,1957,2,2,4,4,2
1,3,6,1985,2,3,3,3,1
1,2,3,1931,3,1,4,2,2
2,1,6,1967,3,1,3,2,1
1,2,4,1954,2,1,4,4,1
1,1,2,1953,3,1,4,4,2
1,1,3,1963,3,3,4,4,1
1,3,3,1971,3,2,3,2,2
1,4,4,1949,3,2,4,2,1
1,,5,1957,2,1,3,3,2
1,3,2,1943,3,1,4,3,1
1,4,3,1957,3,1,4,2,1
1,3,2,1957,2,2,3,4,1
1,3,4,1958,2,3,4,2,2
1,3,2,1931,3,2,4,2,2
,4,3,1946,1,1,4,,1
1,4,2,1969,3,2,4,4,2
1,4,2,1966,3,2,4,4,2
1,4,2,1961,3,3,4,2,2
1,4,5,1966,3,2,4,3,1
1,4,3,1971,3,3,4,4,2
1,4,5,1954,3,2,4,2,1
1,2,6,1952,3,2,4,2,2
1,4,5,1957,3,3,4,1,1
1,1,2,1959,3,1,4,1,1
2,1,5,1983,3,1,3,3,2
1,3,3,1962,3,2,4,4,2
1,3,2,1940,2,2,4,2,2
1,4,6,1959,3,3,4,2,2
1,2,5,1966,2,1,3,1,1
1,4,3,1958,3,2,4,1,1
1,1,4,1948,3,1,3,1,1
1,4,5,1952,2,2,3,4,2
1,1,2,1948,2,2,4,4,2
1,1,3,1964,3,1,4,4,2
2,3,6,1942,2,1,3,2,2
1,1,2,1929,3,1,4,4,1
2,4,5,1968,3,2,4,3,2
1,3,2,1945,2,2,3,3,2
1,4,1,1945,3,1,4,4,1
1,2,3,1983,3,2,4,4,1
1,4,6,1960,3,2,4,2,2
1,4,2,1959,3,3,4,1,2
1,4,3,1942,3,2,4,1,1
1,3,4,1957,1,1,4,2,2
1,3,2,1984,3,2,4,2,2
1,4,2,1946,3,1,3,1,1
1,2,5,1986,3,2,4,3,2
1,4,5,1956,3,2,4,1,1
1,3,4,1952,3,2,3,2,1
1,1,4,1949,3,1,4,1,1
2,3,3,1988,2,2,2,,1
1,3,3,1950,1,3,3,1,1
1,4,4,1959,2,1,4,3,2
1,4,2,1935,2,1,4,4,1
1,2,6,1953,2,3,1,3,1
1,4,5,1962,3,2,3,3,2
1,4,2,1957,3,2,4,3,1
1,2,4,1952,3,2,4,2,2
1,2,3,1990,3,2,4,4,2
1,2,5,1983,3,1,2,1,2
1,4,4,1944,3,2,4,2,1
1,4,2,1948,2,2,4,3,2
1,4,6,1956,3,2,3,2,2
2,1,5,1937,3,1,1,4,1
1,2,3,1950,2,1,3,3,1
1,1,5,1979,2,1,3,4,1
1,1,4,1967,2,1,1,3,2
1,2,2,1940,3,1,4,3,1
1,2,3,1948,3,1,2,3,1
1,4,4,1958,3,2,4,2,2
1,2,2,1964,3,1,4,3,1
1,3,1,1945,2,1,4,4,2
1,4,3,1945,3,2,4,4,2
1,4,2,1948,2,1,4,4,2
1,1,2,1956,3,1,1,1,1
1,4,5,1981,3,2,4,3,1
2,4,2,1979,2,2,4,4,2
1,4,3,1954,3,2,4,4,1
1,4,5,1948,3,2,4,4,2
1,3,3,1966,2,2,4,2,1
1,3,3,1960,1,1,4,4,1
1,4,5,1953,2,2,4,1,2
1,2,3,1947,3,1,2,3,2
1,3,6,1957,2,1,4,3,2
1,4,4,1968,2,2,4,3,2
1,4,2,1967,2,2,4,1,1
1,1,5,1960,3,1,1,2,2
2,2,2,1965,1,1,3,3,1
2,2,4,1989,3,2,3,4,2
5,5,5,1974,2,2,5,5,1
1,2,6,1976,3,1,4,3,1
1,3,4,1956,3,1,2,1,2
1,2,5,1975,3,1,3,1,1
1,1,5,1979,3,1,3,2,2
,,6,1932,3,,4,2,2
1,3,6,1979,3,1,2,3,1
1,2,6,1947,3,3,4,1,1
1,2,6,1969,3,1,3,4,1
1,3,2,1960,3,1,4,1,1
1,3,6,1964,3,2,4,2,1
1,2,1,1958,3,1,3,3,2
1,4,2,1936,3,1,3,1,2
1,2,2,1955,3,3,4,4,2
1,2,2,1939,2,1,4,3,2
1,1,1,1949,3,1,2,4,2
1,3,2,1963,3,2,4,3,1
1,3,6,1975,2,3,4,4,1
2,2,6,1954,3,1,4,3,2
1,1,3,1973,3,2,4,3,1
1,2,5,1963,2,2,4,3,1
1,4,3,1987,3,2,4,1,2
1,4,6,1961,3,2,4,4,1
1,4,2,1943,3,2,4,3,1
1,3,3,1952,3,2,4,4,2
1,4,2,1965,2,2,4,3,1
1,3,6,1945,3,2,4,3,1
1,1,5,1937,3,2,4,4,1
1,3,3,1950,3,1,4,2,2
1,2,2,1963,3,3,3,3,1
1,4,2,1939,3,2,4,4,1
1,4,6,1962,3,2,4,4,1
1,3,1,1965,2,3,3,2,2
1,3,3,1969,2,2,4,3,2
1,3,1,1943,3,2,4,2,1
1,2,6,1967,3,3,4,1,1
2,2,2,1952,1,3,3,,1
1,2,3,1960,2,1,2,2,1
1,3,2,1963,2,3,4,1,2
1,2,2,1939,2,2,4,3,1
1,3,5,1959,3,1,4,3,2
1,4,4,1967,3,2,4,4,2
1,1,5,1959,2,3,4,3,1
1,2,2,1951,2,2,4,2,1
1,2,4,1965,1,1,3,2,2
1,3,4,1959,3,2,4,3,2
1,2,5,1950,2,,4,1,1
1,4,2,1966,1,3,3,1,1
1,3,4,1953,3,1,4,2,2
1,4,3,1965,3,3,4,1,1
1,3,4,1949,3,2,4,2,2
2,3,6,1950,2,3,3,3,2
2,2,5,1988,1,2,3,3,2
1,4,6,1961,3,2,4,3,1
1,2,2,1984,2,3,3,2,2
1,1,4,1961,2,1,4,3,2
2,3,1,1948,3,3,4,4,2
1,2,2,1953,1,2,3,3,2
1,4,4,1950,3,1,3,1,1
2,4,3,1959,1,3,3,1,2
1,2,3,1945,3,1,3,1,1
1,1,3,1988,3,3,4,4,2
1,2,6,1949,3,1,3,3,1
1,2,6,1958,3,3,1,2,2
1,2,5,1965,2,1,4,3,1
1,4,3,1963,3,1,4,3,1
1,2,5,1962,3,1,4,3,2
1,1,6,1958,3,1,4,4,1
1,1,5,1979,3,1,4,4,1
1,4,3,1943,2,3,4,1,1
1,3,2,1956,2,3,4,3,1
,4,2,1935,1,3,2,1,1
1,3,5,1989,3,1,3,2,1
1,1,6,1957,3,2,4,3,2
4,4,2,1953,2,2,1,1,1
1,4,3,1954,3,3,4,1,2
1,3,5,1980,2,2,4,3,2
1,3,5,1948,3,1,4,3,2
1,3,2,1942,3,1,3,3,2
1,4,1,1947,1,1,4,4,2
1,3,6,1983,3,2,4,4,1
1,2,4,1964,3,2,4,2,2
1,2,2,1969,2,1,3,3,1
1,4,6,1953,3,2,4,3,1
1,2,2,1951,1,1,3,3,2
1,4,4,1949,3,1,4,4,2
1,1,3,1953,3,3,4,2,2
2,2,3,1990,1,3,3,3,1
1,3,2,1946,2,1,3,3,1
1,3,2,1956,1,3,3,4,1
1,2,5,1949,3,3,4,1,1
2,3,2,1968,2,2,3,3,1
1,4,1,1959,1,3,4,1,2
1,3,2,1953,3,2,4,3,2
1,4,3,1948,3,2,4,3,2
1,4,3,1936,3,2,4,3,2
1,2,2,1952,2,1,3,3,1
1,1,3,1944,2,3,4,4,1
1,2,5,1954,2,1,3,2,1
1,2,5,1947,3,1,4,2,2
1,2,5,1938,2,1,4,3,2
1,3,4,1946,3,1,4,2,1
1,3,2,1947,3,1,4,2,1
1,4,4,1948,3,2,4,2,2
2,2,2,1955,2,2,2,4,1
1,4,5,1975,3,1,3,2,1
1,3,2,1955,1,1,3,1,2
1,4,3,1956,3,1,4,1,2
1,1,2,1963,3,1,3,1,1
1,2,4,1977,3,1,4,4,2
2,4,3,1953,2,3,2,2,1
1,1,6,1972,3,1,4,1,2
1,1,3,1953,3,1,1,1,2
,,6,1967,2,2,,,1
1,2,2,1982,2,1,2,3,2
1,4,5,1954,3,2,4,3,2
1,2,2,1944,3,2,4,1,2
1,,3,1930,3,1,4,,1
1,2,3,1966,2,1,4,4,2
1,1,5,1950,2,2,4,2,1
1,4,4,1963,3,3,4,4,2
1,1,1,1937,3,2,4,4,2
1,4,5,1949,3,2,4,4,2
1,4,2,1965,3,3,4,3,1
1,3,5,1967,3,3,4,4,2
1,4,6,1951,3,2,4,1,1
1,3,3,1942,2,2,4,3,2
1,3,2,1930,3,2,4,4,2
1,4,2,1957,1,3,4,2,1
1,1,2,1943,3,1,3,4,1
1,2,5,1974,3,2,4,4,2
1,2,6,1955,2,1,3,2,2
1,4,3,1956,3,3,3,3,2
1,3,5,1949,3,2,4,3,2
1,3,3,1958,2,1,4,4,1
1,4,4,1961,2,1,4,2,1
1,1,4,1963,3,2,4,4,2
1,3,5,1953,2,1,3,4,2
1,4,2,1970,3,2,4,1,1
1,3,5,1953,3,2,4,3,2
1,3,5,1964,2,2,3,2,1
1,1,6,1965,3,1,3,2,2
1,2,2,1959,3,1,3,2,2
1,2,3,1974,2,1,2,3,2
1,1,6,1974,3,1,4,4,2
1,1,5,1983,1,3,3,4,2
1,3,3,1951,2,1,3,2,2
1,3,2,1955,2,2,4,3,2
1,1,3,1961,3,3,4,4,1
1,3,1,1959,3,1,3,1,1
1,3,2,1951,1,1,4,2,2
1,2,5,1942,3,1,4,2,1
1,1,2,1948,2,1,3,3,1
1,3,2,1975,2,2,3,2,1
1,4,6,1951,2,3,3,2,2
1,2,4,1959,2,2,3,2,1
1,2,2,1944,3,2,4,4,1
1,4,2,1956,3,3,4,2,1
1,3,1,1944,3,1,4,3,1
1,3,3,1959,3,1,4,3,2
2,3,4,1936,3,2,3,3,2
2,4,3,1944,2,1,2,3,1
1,4,3,1955,3,3,4,1,2
1,4,4,1948,3,1,4,4,2
1,1,3,1973,3,1,2,3,1
1,3,4,1964,3,2,4,4,1
2,4,5,1978,1,,3,3,2
1,2,5,1966,3,3,1,2,2
1,4,1,1973,1,3,4,2,1
1,3,4,1955,2,1,3,,2
1,4,4,1978,2,3,4,4,2
1,4,5,1941,1,1,4,2,2
1,4,4,1961,3,2,4,4,1
2,3,6,1943,3,3,3,2,2
1,2,3,1957,3,1,1,4,2
1,2,6,1964,3,1,3,2,1
1,4,2,1942,3,2,4,4,2
1,1,2,1984,3,1,2,3,2
1,4,6,1970,3,2,3,1,1
1,2,6,1937,3,2,4,1,2
1,3,3,1959,2,2,3,2,2
2,2,5,1940,3,1,2,1,1
1,2,3,1965,2,1,4,3,1
1,1,4,1972,3,1,4,1,2
1,1,5,1980,3,1,4,4,2
1,2,2,1946,2,1,4,4,2
2,4,5,1982,3,2,2,4,1
1,4,5,1956,3,1,3,3,2
1,4,6,1948,2,2,4,4,1
1,3,4,1955,2,2,3,3,2
1,3,2,1944,3,2,4,3,1
1,4,3,1938,2,2,3,2,1
1,2,5,1971,3,1,2,1,2
1,4,4,1983,3,2,4,4,2
1,1,5,1974,1,1,4,4,1
1,2,3,1956,3,1,3,3,1
1,3,3,1950,2,1,2,2,1
1,4,2,1940,2,3,4,1,2
2,3,5,1981,1,2,3,3,1
1,2,5,1939,3,1,3,3,1
2,4,3,1945,3,1,3,1,2
1,1,6,1986,3,1,1,2,1
1,2,5,1949,2,3,4,3,2
1,2,5,1978,3,1,4,2,2
1,4,5,1950,3,1,4,3,1
1,1,5,1965,2,1,2,3,1
1,4,2,1964,2,1,4,1,1
1,4,2,1960,2,1,4,3,2
1,4,4,1966,3,2,4,1,2
1,1,2,1944,3,1,4,4,1
1,3,2,1955,2,2,4,4,2
1,4,3,1954,3,1,3,2,2
1,3,3,1957,2,2,4,4,2
1,4,2,1950,3,2,4,1,2
1,3,3,1991,3,1,4,3,1
1,3,5,1964,2,1,4,3,2
1,2,2,1933,2,2,4,4,2
1,1,6,1941,2,1,3,4,1
1,4,3,1967,3,2,4,2,1
1,2,3,1960,3,1,3,3,1
1,3,2,1959,3,1,4,2,1
1,4,3,1953,3,2,4,4,1
1,3,2,1945,3,2,4,3,1
2,4,3,1975,1,1,1,3,2
1,3,6,1936,2,2,4,2,2
1,1,6,1948,3,1,3,1,1
1,4,3,1960,3,2,3,3,1
1,4,2,1936,2,2,4,3,1
1,4,2,1937,2,2,4,1,1
1,4,2,1951,2,2,4,4,1
1,3,3,1946,2,3,3,3,2
1,1,5,1987,3,1,4,4,1
1,2,3,1954,2,1,3,3,1
,,5,1965,4,,,,1
1,4,6,1957,3,2,4,1,2
1,3,5,1956,3,1,3,3,1
1,2,3,1951,3,3,4,3,1
1,4,3,1969,2,2,4,4,2
1,2,2,1957,3,2,4,2,2
1,2,2,1951,2,1,4,3,1
1,3,2,1958,2,2,4,3,1
1,3,3,1967,3,1,4,4,2
1,4,5,1964,1,1,3,1,2
1,2,2,1968,2,2,4,3,1
1,,2,1960,1,1,3,,2
1,1,3,1951,2,1,4,1,2
1,1,5,1954,3,1,4,4,1
1,4,4,1965,2,1,4,3,2
1,3,2,1967,2,2,4,4,1
1,3,2,1950,3,3,4,2,2
1,4,6,1963,2,2,4,3,2
1,3,2,1922,2,2,4,3,2
1,4,3,1954,3,3,2,1,2
1,2,2,1949,3,1,4,2,2
1,4,5,1956,3,1,4,1,1
1,3,5,1964,3,1,4,4,2
1,3,3,1954,3,2,4,4,1
1,3,2,1955,2,1,4,2,2
2,2,3,1977,3,1,3,4,2
1,4,3,1967,1,2,2,1,1
1,2,5,1945,3,2,4,2,1
1,1,3,1984,3,1,3,4,2
1,3,2,1942,2,2,4,3,2
1,2,3,1947,3,1,4,2,1
1,2,5,1942,3,1,4,1,1
2,4,2,1955,2,3,3,1,1
2,3,1,1948,3,1,3,3,1
1,3,4,1963,3,1,3,4,1
1,1,6,1953,3,1,4,4,1
1,4,3,1948,3,2,4,2,1
1,3,5,1964,2,3,4,2,1
1,1,6,1959,3,1,3,4,1
1,3,2,1960,1,1,4,4,2
1,4,5,1966,3,1,4,4,1
1,3,3,1946,3,2,4,4,1
1,3,2,1946,3,3,4,4,2
1,1,3,1948,3,1,4,4,1
1,3,5,1984,2,2,4,2,1
1,4,1,1956,3,2,4,4,2
1,3,2,1951,3,1,3,3,1
1,4,5,1962,3,1,4,1,2
1,2,2,1947,3,2,4,4,1
2,2,1,1949,3,1,3,3,2
1,4,4,1979,2,1,4,2,2
1,2,3,1955,3,2,4,4,2
1,1,2,1955,2,3,4,4,1
1,3,6,1941,3,1,3,3,2
1,2,2,1938,2,2,4,3,2
1,3,4,1951,3,1,3,2,2
1,4,3,1954,3,1,3,1,1
2,4,5,1969,2,2,3,1,2
1,1,5,1956,3,2,4,4,2
1,3,3,1950,3,2,4,1,1
1,4,6,1974,3,2,4,1,2
1,1,3,1953,3,1,2,1,2
1,3,5,1951,3,2,4,1,1
2,2,6,1978,2,1,2,3,2
1,4,3,1952,3,3,4,4,2
2,4,3,1986,2,1,2,4,1
1,1,3,1969,2,1,4,1,2
1,2,6,1963,2,2,3,4,2
1,1,3,1948,2,1,3,4,2
2,4,5,1972,2,2,4,3,1
1,2,6,1955,2,1,4,4,1
1,4,5,1973,3,2,4,1,2
1,4,1,1977,2,2,4,4,2
2,1,4,1963,3,3,1,4,2
1,1,5,1960,3,3,1,4,2
1,3,2,1942,3,2,4,4,2
1,2,6,1946,3,3,3,,2
1,4,4,1970,3,1,4,2,2
1,4,2,1956,3,2,4,4,2
1,1,2,1957,4,3,3,3,1
1,2,3,1968,3,3,2,2,2
1,2,2,1961,2,3,4,1,2
2,2,2,1965,2,1,4,3,2
1,4,4,1960,3,2,4,2,1
1,1,2,1960,2,1,4,4,2
1,3,2,1963,4,1,4,3,2
1,3,2,1949,2,1,3,1,1
1,3,2,1946,1,1,3,3,2
1,3,3,1961,3,2,4,2,1
1,3,3,1940,2,1,4,3,2
1,1,5,1963,3,1,4,4,1
1,4,3,1965,2,1,4,3,1
2,2,3,1945,2,1,2,4,2
1,3,4,1953,2,1,4,2,1
1,3,2,1954,2,1,4,2,1
1,2,2,1950,3,3,3,3,2
1,2,6,1970,2,2,4,4,2
1,3,6,1945,3,2,4,3,2
1,2,2,1954,2,2,3,4,1
1,1,3,1949,3,1,3,4,2
1,4,4,1951,2,1,2,1,2
2,4,2,1950,1,2,4,1,1
1,3,2,1940,2,1,4,3,2
1,2,4,1953,2,1,3,2,1
1,4,5,1957,2,2,4,4,1
1,1,1,1968,2,2,4,4,1
1,4,5,1961,1,3,3,1,1
2,2,3,1986,1,1,3,4,1
1,4,2,1946,3,3,4,1,1
1,3,2,1965,2,3,4,4,1
1,4,2,1967,2,3,4,3,2
,4,2,1948,2,1,4,2,2
1,4,2,1943,3,2,4,2,1
1,4,3,1943,1,1,4,2,1
1,4,4,1955,2,3,3,1,1
1,4,2,1980,2,2,3,2,1
1,3,2,1954,3,2,4,3,1
1,2,5,1950,3,3,4,3,1
1,2,6,1968,1,1,3,3,2
1,3,2,1970,3,2,4,4,2
1,4,5,1950,3,3,4,3,1
2,2,5,1977,1,3,3,3,1
1,2,1,1955,1,2,4,3,2
1,2,3,1944,3,2,4,4,2
2,3,2,1941,2,3,3,2,2
1,2,3,1947,2,1,3,3,2
1,3,2,1977,1,1,4,2,2
1,4,6,1983,1,1,4,1,2
1,3,5,1941,3,2,4,3,2
1,2,2,1943,3,1,3,3,2
1,4,5,1951,2,3,4,2,1
1,4,2,1947,3,1,3,3,2
1,2,5,1964,2,1,2,3,2
2,1,2,1964,2,2,3,4,1
1,1,6,1964,3,1,4,4,1
1,2,4,1939,2,1,4,4,1
1,2,3,1962,2,2,4,3,1
1,1,6,1946,3,1,3,4,1
2,3,6,1957,2,3,2,2,2
1,2,2,1934,1,3,4,4,1
1,3,5,1953,2,1,4,2,1
1,4,5,1974,3,2,3,4,1
1,1,4,1961,3,2,4,4,1
1,2,6,1980,3,1,4,3,1
2,3,5,1973,2,1,3,3,1
1,2,3,1959,1,1,3,4,1
2,4,2,1946,3,1,3,3,1
1,4,6,1957,2,2,4,2,1
1,1,3,1971,2,1,4,4,1
1,2,4,1948,3,1,3,2,2
1,1,5,1961,2,2,3,4,2
1,1,5,1985,2,1,3,4,2
1,4,3,1979,1,1,4,3,2
2,2,6,1944,2,1,3,3,1
1,4,5,1960,1,3,3,1,2
1,4,5,1967,3,2,4,2,1
1,2,6,1958,2,1,3,3,1
1,4,2,1947,3,1,1,4,2
1,3,5,1955,3,2,4,3,2
1,4,6,1966,2,2,3,1,2
1,3,2,1948,2,1,4,2,1
1,3,3,1957,3,2,4,4,2
1,1,2,1950,3,1,4,4,2
1,2,3,1954,2,1,4,3,2
1,3,2,1958,1,1,3,3,1
1,3,4,1979,3,3,4,2,2
1,3,2,1956,3,1,3,3,2
1,4,6,1957,3,1,3,3,2
1,4,5,1973,2,2,4,2,2
1,3,3,1966,3,3,1,4,1
1,3,4,1974,2,1,4,3,1
1,1,6,1961,3,1,4,2,1
1,1,2,1950,3,1,3,4,2
1,4,3,1978,2,2,2,2,2
1,2,5,1972,3,1,2,3,2
1,2,6,1967,3,3,4,1,2
1,1,6,1946,1,1,4,3,1
2,3,4,1974,1,2,3,2,2
1,2,6,1966,4,1,4,2,1
1,3,5,1960,2,2,4,4,2
1,2,3,1945,3,3,4,2,1
2,2,5,1985,2,1,2,,1
1,3,5,1973,3,1,4,2,1
1,4,5,1950,3,2,4,4,2
1,2,5,1963,3,2,4,1,1
1,4,5,1960,3,2,4,2,1
1,2,5,1952,3,1,3,4,2
1,2,6,1959,2,2,3,2,1
1,4,3,1949,3,2,4,1,1
2,3,3,1961,3,3,3,2,2
1,1,1,1941,3,2,4,2,2
1,3,2,1943,2,1,4,2,2
2,1,5,1983,3,2,4,4,2
2,2,5,1943,3,3,4,3,1
1,1,5,1959,3,2,4,4,1
2,3,5,1975,2,1,3,3,2
2,4,3,1961,3,2,3,4,1
1,2,3,1942,3,1,3,3,1
1,2,5,1984,2,1,4,3,2
1,1,4,1958,3,2,4,2,1
1,3,5,1985,1,1,2,2,1
1,1,3,1957,3,3,4,4,1
1,3,4,1959,3,1,4,2,1
1,4,4,1966,3,2,4,3,2
1,1,6,1972,3,1,3,4,1
2,3,3,1983,2,2,3,3,2
1,2,2,1958,4,3,3,3,2
1,4,4,1955,2,2,4,4,2
1,2,3,1957,1,1,4,2,2
2,2,2,1957,2,3,3,3,2
1,4,4,1962,3,1,4,3,2
1,4,4,1967,3,2,4,4,1
1,2,3,1962,3,2,4,2,2
1,3,2,1951,3,3,4,2,2
1,1,4,1963,3,1,4,4,2
1,2,2,1953,2,1,4,3,1
1,3,3,1950,2,1,4,4,2
1,3,5,1965,2,1,3,2,1
2,2,5,1981,2,,3,1,2
1,3,6,1950,3,3,4,4,2
1,3,5,1957,3,2,4,4,1
1,4,2,1937,2,1,4,1,2
1,4,6,1963,3,2,4,4,2
1,4,4,1956,3,2,4,3,1
1,2,4,1957,2,3,4,4,2
1,2,5,1959,2,1,4,3,2
1,4,3,1969,1,2,4,2,2
1,4,5,1956,3,2,4,4,2
1,4,6,1955,3,1,4,1,2
1,1,5,1956,3,1,2,1,1
1,3,3,1951,2,1,4,2,1
1,2,5,1953,3,3,4,3,2
1,3,6,1940,3,2,4,3,2
1,1,5,1966,3,1,2,1,2
1,2,3,1943,3,2,4,4,2
1,4,6,1955,2,1,,4,2
1,4,5,1959,3,2,3,2,2
1,1,6,1955,2,1,3,4,1
2,2,6,1963,3,2,3,3,1
1,4,3,1969,2,3,4,4,1
1,3,5,1965,2,1,4,1,1
1,3,2,1933,3,2,4,4,1
1,4,5,1932,3,2,4,4,1
2,3,2,1972,2,1,4,2,1
1,2,4,1957,1,1,4,3,2
1,1,2,1953,2,3,4,4,2
1,4,4,1950,2,2,4,2,1
1,1,5,1970,3,1,1,3,1
1,2,5,1962,3,1,3,1,1
2,3,5,1947,2,3,3,1,2
1,4,5,1957,2,3,4,3,2
1,3,6,1943,3,2,4,4,2
1,4,2,1941,3,1,3,1,2
1,3,2,1943,3,2,4,2,1
1,2,5,1965,1,1,4,3,1
1,1,2,1961,2,1,4,3,2
1,2,6,1970,3,3,4,1,2
1,1,6,1940,3,1,4,3,2
1,3,5,1960,3,2,4,3,2
1,2,3,1964,3,3,4,3,2
1,2,3,1965,3,1,3,4,1
1,4,3,1957,1,2,4,4,2
1,2,2,1945,3,1,4,4,2
1,2,6,1936,3,1,4,3,1
1,1,2,1961,3,1,4,4,2
1,1,4,1958,3,1,4,4,2
2,2,5,1988,3,1,3,2,2
1,4,3,1976,3,2,3,1,1
1,4,6,1937,3,1,4,2,1
1,1,2,1956,2,1,3,3,2
1,1,5,1948,3,3,4,4,1
1,4,2,1964,2,1,4,4,2
1,3,5,1969,1,2,3,4,2
1,2,5,1983,2,1,4,3,1
1,1,5,1971,3,3,4,2,1
1,2,5,1987,3,1,3,3,1
1,3,4,1953,1,2,4,2,1
1,2,5,1978,2,2,4,4,1
1,4,3,1963,3,2,4,4,2
1,4,3,1960,2,3,4,3,2
1,4,2,1943,3,2,4,3,2
1,,5,1974,3,1,4,,2
3,3,1,1985,2,1,2,2,2
1,3,2,1954,3,1,3,3,1
1,2,5,1953,2,2,4,2,2
1,3,2,1954,2,2,4,4,1
1,2,6,1952,3,3,4,2,1
1,3,5,1942,2,1,3,2,2
1,4,5,1963,1,1,3,3,1
1,4,2,1939,3,2,4,4,1
1,4,2,1931,3,2,4,3,2
1,3,3,1959,2,2,4,3,2
1,4,3,1955,1,2,3,4,2
2,2,6,1963,2,1,1,1,1
1,3,5,1957,2,2,4,2,2
1,4,5,1969,2,2,4,1,1
2,2,3,1967,1,3,2,3,1
1,4,6,1950,3,2,4,2,1
2,1,5,1981,2,1,2,3,1
1,2,5,1945,3,3,2,4,2
1,2,6,1960,3,1,3,2,2
1,2,3,1951,3,3,4,3,2
5,5,5,1988,1,1,5,5,1
1,1,5,1982,3,1,3,3,2
1,3,2,1958,2,1,2,2,1
1,3,6,1958,3,2,3,3,1
1,4,3,1976,3,2,4,2,1
2,2,2,1975,2,2,3,3,2
1,4,5,1948,3,2,4,3,1
2,2,5,1958,2,1,3,3,2
3,4,2,1969,2,1,2,2,2
1,1,5,1948,3,3,4,3,2
1,,1,1965,2,1,2,4,1
2,2,5,1968,3,1,1,4,1
1,3,2,1957,2,3,3,3,1
1,3,5,1945,3,2,4,3,1
1,2,5,1970,3,2,4,3,1
1,3,5,1968,2,3,4,3,1
1,4,2,1963,1,2,4,2,1
1,1,2,1960,2,2,4,4,1
1,2,3,1972,2,2,4,2,1
1,3,5,1935,3,2,4,2,2
1,4,2,1946,1,2,4,1,1
1,2,2,1949,2,1,3,1,2
2,4,2,1964,1,3,3,1,2
1,4,2,1958,2,3,4,1,1
1,4,5,1964,2,2,4,3,1
1,4,2,1938,3,2,4,2,2
1,3,5,1974,3,2,4,1,2
1,4,2,1957,3,,4,2,1
1,3,3,1962,2,3,3,2,1
1,4,2,1962,1,1,4,1,1
1,1,2,1964,2,3,4,4,2
1,2,6,1951,3,1,3,3,1
1,4,2,1963,2,2,4,2,2
1,1,3,1953,1,3,4,4,1
1,1,3,1964,1,1,4,4,2
1,3,5,1962,3,2,4,1,1
1,4,6,1977,3,2,4,1,2
1,3,2,1976,3,2,4,2,1
1,3,5,1940,3,2,4,4,2
1,2,3,1943,3,1,4,3,2
1,4,5,1966,2,2,4,4,1
,3,4,1971,2,1,4,3,1
1,2,2,1944,2,1,4,1,2
1,1,2,1952,3,1,3,2,2
1,2,3,1950,2,1,4,3,2
2,3,2,1956,1,3,3,2,2
1,1,6,1968,2,1,3,2,2
2,1,3,1980,3,1,3,4,2
2,1,2,1940,3,1,2,4,2
4,4,5,1969,4,3,1,1,2
1,4,3,1944,3,1,4,2,1
1,3,3,1937,2,2,4,3,2
1,1,2,1963,3,1,4,4,1
1,1,2,1963,2,3,3,3,1
1,4,2,1957,3,2,4,4,1
1,3,3,1965,2,1,4,2,1
1,4,5,1945,2,2,4,3,1
1,1,2,1987,2,1,4,4,2
1,4,2,1945,2,1,3,3,1
1,2,3,1950,2,1,3,2,2
2,3,1,1950,3,1,3,2,2
1,1,3,1990,3,1,4,3,1
1,3,5,1968,3,1,4,1,2
2,1,5,1978,2,1,2,1,1
2,2,3,1986,2,1,3,3,2
1,2,6,1969,3,1,1,2,2
2,4,6,1945,2,,3,1,2
1,1,2,1985,2,3,4,4,1
1,1,3,1961,2,3,3,3,2
1,1,3,1965,1,1,3,3,1
1,3,2,1960,3,3,4,4,1
,,5,1974,2,1,,2,2
1,3,3,1975,3,2,4,4,1
,,3,1966,3,,,,2
1,3,3,1938,3,1,3,1,2
1,1,5,1962,3,1,2,4,2
1,2,6,1977,2,2,4,3,2
1,2,2,1951,3,2,4,4,2
1,1,4,1946,3,3,4,4,2
1,1,5,1979,3,1,3,3,2
1,4,2,1964,3,2,4,3,1
1,4,3,1961,3,1,4,2,2
1,3,5,1949,3,2,4,3,2
1,1,5,1984,2,1,3,4,1
2,4,5,1962,2,2,3,3,1
1,3,2,1956,2,1,3,2,2
1,4,3,1956,2,1,3,1,1
1,2,2,1947,2,1,4,3,1
1,4,2,1957,1,2,1,1,2
2,2,3,1947,2,2,3,1,2
1,4,5,1963,3,3,1,3,1
1,3,4,1952,3,2,4,3,2
1,4,6,1938,1,1,2,2,2
2,3,5,1965,2,3,3,4,2
1,2,2,1951,3,1,3,4,1
1,2,3,1956,3,2,4,3,1
1,3,5,1974,2,2,3,2,2
1,3,2,1968,2,1,3,3,2
1,1,4,1955,3,1,3,1,2
1,1,3,1955,3,1,4,3,1
1,4,3,1948,2,2,4,4,2
1,1,2,1946,3,1,4,3,2
2,3,3,1978,2,1,2,3,1
1,2,5,1983,3,2,4,4,1
1,3,5,1972,3,2,4,1,2
2,4,3,1941,3,1,2,2,1
2,1,5,1977,2,1,2,4,2
1,1,3,1950,3,3,1,1,2
1,3,6,1965,3,2,4,3,1
1,2,3,1964,3,2,4,2,1
1,2,2,1940,3,1,3,1,1
1,4,2,1983,2,1,3,1,1
1,3,5,1937,3,1,4,3,2
1,3,3,1944,3,3,4,3,1
1,2,3,1961,2,1,4,3,1
1,3,2,1962,2,1,3,2,2
1,3,3,1948,2,2,3,2,2
1,2,3,1956,2,2,4,1,2
1,3,2,1948,4,2,4,4,1
1,4,6,1956,3,1,4,,1
1,2,2,1957,3,1,4,2,1
1,4,3,1951,2,2,4,2,1
1,1,5,1980,3,2,3,4,2
1,2,5,1956,2,2,4,3,1
1,2,3,1954,2,2,3,4,1
1,3,2,1938,1,1,4,3,2
1,3,3,1952,2,1,4,2,1
1,2,5,1967,2,1,4,3,1
1,3,2,1948,2,2,4,2,2
1,4,3,1946,3,2,4,1,1
1,3,6,1958,2,2,4,3,2
1,1,3,1961,3,1,4,4,2
1,2,1,1942,2,2,4,2,2
1,4,6,1962,2,1,4,3,1
1,2,3,1964,3,1,4,3,1
1,1,3,1985,2,1,4,4,1
1,3,3,1949,3,2,4,2,1
1,2,1,1956,2,1,4,3,1
1,4,5,1961,3,2,4,1,1
1,2,6,1955,3,2,4,1,2
1,1,5,1978,1,1,3,4,2
1,1,2,1953,2,1,3,3,2
1,1,2,1979,2,3,4,4,2
1,4,5,1966,1,1,2,3,1
1,2,6,1981,2,2,4,3,1
1,4,3,1968,3,2,4,3,1
2,2,3,1966,2,2,3,3,1
1,4,,1951,3,3,4,4,2
1,2,6,1965,3,2,4,3,2
1,1,1,1960,2,1,4,4,2
1,3,3,1983,1,1,4,2,2
1,3,2,1948,2,1,4,2,1
1,3,2,1941,2,2,4,4,2
1,2,5,1950,3,1,4,2,1
1,4,2,1966,3,2,4,1,2
1,1,6,1954,3,1,2,4,2
2,2,5,1985,1,1,3,3,1
1,4,5,1949,2,2,4,1,2
1,4,3,1946,3,2,4,3,1
1,3,6,1953,3,2,4,3,1
2,3,5,1981,3,1,2,2,1
1,2,2,1946,3,1,2,4,1
1,3,5,1957,2,1,3,1,2
2,2,6,1979,2,1,4,3,2
5,5,3,1960,3,2,5,5,1
1,1,5,1989,3,1,4,4,2
1,4,1,1977,3,2,4,4,2
1,2,3,1975,1,1,3,4,1
1,3,3,1987,3,1,1,2,2
2,1,5,1979,2,1,3,3,1
2,3,3,1970,2,3,3,2,1
1,1,5,1969,3,1,2,1,1
1,3,4,1958,2,2,4,3,2
1,3,6,1958,3,,4,3,1
1,1,3,1967,3,1,2,4,2
1,4,5,1974,3,2,4,2,2
1,4,5,1943,1,2,4,4,2
1,4,1,1935,3,2,4,3,2
1,2,2,1941,2,1,2,4,1
1,1,3,1963,3,1,1,3,1
1,3,3,1962,3,2,4,2,1
1,3,2,1954,2,1,4,3,2
1,3,1,1959,4,1,4,4,1
1,4,5,1979,3,2,4,2,2
2,2,5,1955,3,1,1,3,2
1,2,3,1957,3,1,1,1,1
2,4,3,1953,2,1,1,2,1
1,1,5,1944,3,1,4,4,1
1,2,4,1987,3,1,4,4,2
2,3,4,1989,1,3,3,3,1
,,5,1983,1,1,,2,1
1,4,6,1970,3,2,4,4,1
1,3,2,1943,3,1,4,2,2
2,4,2,1981,2,1,2,3,1
1,3,2,1955,3,2,3,1,2
1,2,5,1958,3,3,4,1,1
1,2,2,1949,3,1,4,3,2
1,1,5,1945,3,1,3,2,1
2,2,5,1988,1,3,3,3,2
1,2,3,1964,3,2,4,4,1
1,2,2,1944,3,2,4,4,1
1,3,2,1952,3,1,4,2,2
1,1,4,1957,2,1,3,4,2
1,3,3,1985,2,1,4,4,2
1,3,2,1949,3,2,3,2,2
1,1,6,1964,2,1,4,1,2
1,3,1,1948,2,1,2,1,2
1,2,4,1984,1,1,3,3,2
1,4,2,1938,3,2,4,4,1
1,3,6,1970,3,1,4,2,1
2,1,4,1949,3,1,3,1,1
1,4,5,1965,3,2,4,1,2
1,1,4,1958,2,1,3,,1
2,3,2,1930,3,2,3,2,2
2,2,3,1984,2,2,3,2,1
1,3,2,1960,1,1,4,2,2
1,3,3,1967,2,2,4,3,2
1,4,6,1961,3,2,4,2,2
,,5,1986,2,2,4,,2
1,4,4,1967,2,3,1,1,1
1,3,3,1964,2,1,3,3,1
1,4,5,1962,2,1,1,1,2
1,4,2,1961,3,2,4,3,1
2,1,3,1985,2,3,3,4,1
1,1,4,1967,3,1,4,3,1
1,2,2,1961,2,1,4,3,1
1,3,2,1947,3,1,4,3,1
1,4,2,1934,1,3,4,4,1
1,4,5,1984,1,3,4,2,2
1,3,5,1957,3,1,3,4,2
1,1,5,1933,3,2,4,4,1
1,1,6,1963,2,1,3,3,2
1,4,6,1952,3,2,4,2,2
1,1,6,1964,3,1,3,3,2
1,3,3,1963,2,1,3,2,2
2,3,3,1989,2,3,2,3,1
1,1,6,1982,3,1,1,3,1
1,3,6,1958,3,2,4,4,2
1,4,6,1967,2,1,3,1,1
1,2,5,1953,2,1,3,2,1
1,2,3,1957,3,1,4,4,1
1,1,3,1988,3,2,4,4,2
1,1,6,1960,3,1,3,4,1
1,3,2,1954,2,1,4,4,1
1,3,5,1960,3,2,4,4,1
1,1,6,1942,3,1,2,4,2
1,3,6,1935,3,1,3,3,2
1,2,4,1963,3,1,3,3,2
1,4,2,1943,3,1,4,4,2
1,4,5,1943,3,2,4,3,1
1,4,2,1954,3,1,3,3,2
2,1,3,1991,2,1,3,4,2
,4,2,1964,2,2,4,1,1
2,4,3,1966,3,3,4,2,2
1,2,1,1951,2,1,3,2,2
1,3,3,1963,3,1,4,2,2
1,2,6,1946,3,2,4,3,2
1,3,5,1959,3,1,4,3,1
1,2,3,1939,3,2,4,4,2
1,3,2,1946,3,2,4,4,2
1,4,4,1951,3,2,4,1,2
1,1,2,1947,3,3,4,4,1
1,3,3,1954,3,1,3,3,1
1,1,3,1959,2,1,,4,2
1,2,5,1956,3,1,3,2,1
1,2,2,1960,2,1,4,3,2
1,1,2,1947,3,1,4,4,1
2,2,5,1987,3,1,3,4,1
2,2,6,1959,3,1,2,2,1
1,4,6,1956,3,2,4,2,1
1,3,3,1968,3,3,4,4,2
1,1,5,1946,3,1,2,1,2
1,3,3,1948,2,2,4,4,1
1,4,2,1959,3,1,1,1,1
1,4,2,1963,2,2,3,4,1
1,3,4,1950,3,1,4,2,2
1,4,5,1952,3,1,3,3,1
1,1,3,1974,3,1,3,4,1
1,3,2,1939,3,2,4,4,1
1,3,4,1972,2,1,4,4,1
1,1,5,1965,2,1,3,4,2
1,4,5,1946,3,3,2,1,2
1,4,6,1947,3,3,4,4,2
1,2,2,1957,3,1,4,3,1
1,4,3,1947,3,3,4,4,1
1,4,2,1954,3,2,4,2,2
1,4,3,1980,3,1,3,2,1
1,3,4,1956,3,1,4,2,2
2,2,4,1977,1,2,3,4,2
1,1,3,1960,3,1,4,2,1
2,4,5,1965,3,1,3,1,2
1,2,2,1953,2,2,3,3,1
1,1,3,1945,3,1,4,3,1
1,4,5,1950,2,2,4,4,1
1,3,2,1948,3,2,4,3,2
1,3,5,1965,3,3,4,3,1
1,2,5,1957,3,,4,3,1
1,1,5,1966,3,3,3,3,1
1,3,2,1941,3,1,4,3,1
1,4,4,1948,2,2,4,1,1
1,4,3,1957,3,2,4,4,2
1,4,5,1965,3,1,4,1,2
1,3,5,1949,3,2,4,2,2
1,1,3,1973,3,1,4,4,1
1,3,3,1944,3,2,4,4,2
2,4,3,1958,3,2,4,1,2
1,2,6,1953,3,1,2,2,2
1,3,,1949,3,3,3,4,2
1,4,4,1971,3,2,4,4,2
1,4,3,1948,3,1,4,4,1
1,4,2,1943,3,2,4,3,1
1,4,2,1966,3,2,4,4,1
1,1,3,1954,3,1,3,2,2
1,4,5,1968,3,2,4,4,1
1,1,2,1942,2,1,3,4,1
1,3,2,1955,3,2,4,3,2
1,4,3,1961,3,2,4,1,2
1,2,2,1973,3,1,2,3,2
1,4,6,1954,3,2,4,2,2
1,1,5,1967,3,1,3,2,2
1,1,6,1938,3,1,4,2,1
2,3,5,1966,2,2,3,2,1
1,1,2,1944,2,1,4,3,1
1,3,3,1964,2,3,4,3,2
1,3,4,1965,3,1,3,3,1
1,2,2,1945,3,1,4,4,2
1,4,5,1952,2,3,4,2,1
1,4,4,1959,2,2,4,2,2
2,2,5,1961,2,1,3,3,2
1,3,2,1958,1,1,4,3,1
1,4,2,1977,3,2,4,4,1
1,3,3,1959,3,2,4,3,2
1,4,2,1936,2,1,3,2,2
1,4,5,1964,1,3,2,4,1
1,1,6,1966,3,1,2,4,1
1,4,2,1947,1,1,3,1,2
1,3,2,1932,2,2,4,4,2
1,4,5,1966,3,1,4,2,1
1,4,6,1970,2,1,3,3,1
1,3,2,1950,2,1,4,4,2
1,2,4,1938,2,2,4,4,2
1,1,2,1953,2,3,4,4,1
1,2,2,1945,2,1,4,3,2
1,4,3,1983,2,3,4,1,1
1,2,2,1938,3,1,3,1,2
1,4,2,1964,2,2,4,3,1
2,3,3,1928,2,1,3,2,1
1,3,3,1967,2,3,4,3,2
2,2,2,1965,3,1,3,3,1
1,2,2,1958,3,2,4,4,1
1,2,2,1950,3,1,4,2,2
1,4,2,1958,3,2,4,4,2
1,1,3,1969,2,1,3,4,2
1,1,5,1989,2,1,3,4,2
1,4,2,1949,2,2,3,2,1
1,1,3,1978,3,1,4,4,1
1,3,2,1940,3,2,4,4,2
1,3,3,1959,2,1,4,2,1
1,3,2,1953,3,1,3,2,2
2,2,3,1958,2,3,3,2,1
1,3,3,1986,2,2,4,4,2
2,1,5,1988,1,1,3,1,2
1,4,3,1959,3,1,4,2,2
1,4,2,1937,3,2,4,1,2
1,4,3,1965,2,1,4,1,1
1,3,4,1962,3,3,4,3,1
1,1,1,1983,2,3,4,4,2
1,3,3,1967,3,2,4,3,2
1,4,3,1965,3,2,4,3,2
1,2,6,1932,3,1,4,4,1
2,2,3,1978,2,2,3,3,2
1,1,5,1985,2,3,4,1,1
1,4,2,1959,3,2,4,4,1
1,4,6,1957,3,2,4,4,1
1,3,2,1958,2,2,3,2,1
1,3,4,1966,3,2,4,3,2
1,3,2,1960,3,2,3,3,2
1,3,5,1970,2,2,4,4,2
1,2,6,1979,3,1,4,3,1
1,1,3,1988,3,1,4,4,1
1,3,3,1954,3,1,2,2,1
1,1,5,1964,2,2,4,4,1
1,3,6,1986,2,1,3,2,2
1,4,3,1977,3,2,4,1,2
1,1,5,1931,3,1,4,3,1
2,2,5,1961,3,2,3,4,2
1,4,4,1970,3,2,4,2,1
1,2,3,1958,3,1,4,3,2
1,4,2,1949,2,3,3,1,1
1,2,2,1971,3,1,3,4,2
1,2,3,1941,3,1,3,3,2
1,2,5,1948,3,1,4,3,1
1,4,5,1949,3,2,4,2,2
1,2,3,1958,2,1,4,1,2
1,4,5,1977,2,3,4,4,1
2,4,6,1978,2,2,4,4,1
1,4,4,1958,1,3,4,4,1
1,4,5,1965,3,2,4,3,2
1,4,3,1958,3,3,,4,2
1,4,5,1968,3,3,4,2,1
1,4,3,1948,3,1,3,2,1
3,4,6,1983,2,1,2,3,1
1,2,2,1960,1,2,4,4,1
1,3,3,1945,2,1,4,2,1
1,3,5,1964,2,1,4,2,2
1,4,2,1955,1,1,3,1,2
1,1,5,1967,2,2,4,4,1
2,2,3,1975,2,1,3,2,1
1,3,3,1959,3,2,4,3,2
1,3,2,1949,3,2,4,3,1
1,4,4,1962,3,3,4,3,1
2,1,3,1955,3,1,3,4,2
2,4,2,1964,2,1,4,3,1
1,4,5,1961,3,2,4,3,1
1,2,2,1945,2,1,4,4,2
1,4,5,1955,2,2,4,4,1
1,1,4,1944,3,1,4,3,2
1,2,2,1943,3,1,4,,1
1,3,4,1952,3,2,3,3,2
1,2,1,1941,3,1,1,3,2
1,4,4,1955,3,2,4,4,2
1,2,3,1963,3,3,4,3,1
1,1,5,1970,2,1,1,4,2
1,4,2,1945,4,1,4,4,1
1,1,6,1950,2,1,4,2,1
1,4,3,1951,1,1,3,1,1
1,1,6,1962,3,1,1,1,1
1,1,5,1948,3,1,4,4,2
1,4,1,1952,2,1,4,3,2
1,1,3,1957,3,1,4,4,2
1,1,6,1982,2,1,2,3,2
1,2,5,1950,3,1,3,1,1
1,4,3,1962,3,2,4,3,2
1,4,2,1945,3,2,4,4,2
1,3,2,1977,3,1,4,3,2
1,2,3,1970,3,1,1,1,1
1,2,3,1992,2,1,1,1,1
1,2,6,1970,3,1,3,2,2
1,3,3,1959,2,3,3,3,2
1,2,4,1951,3,1,2,4,2
1,3,3,1961,3,1,3,3,1
1,3,6,1955,3,2,4,3,1
1,4,6,1976,3,1,3,1,1
1,1,5,1937,3,2,4,4,2
2,2,5,1987,1,1,3,3,1
1,4,5,1949,2,1,4,1,2
1,4,5,1983,3,2,3,3,2
1,2,6,1948,3,1,2,1,1
1,4,5,1966,2,3,4,1,2
1,3,4,1953,3,2,4,1,1
1,2,6,1984,3,1,1,1,2
1,3,3,1945,3,2,4,3,1
2,3,3,1992,3,1,2,3,1
1,1,6,1964,3,1,,,2
1,4,2,1952,3,2,4,1,2
1,4,1,1960,3,1,2,4,2
1,4,5,1980,1,1,4,2,1
1,2,5,1961,3,2,4,3,2
1,2,6,1966,3,1,2,3,1
1,4,2,1944,1,3,2,1,2
1,2,2,1965,3,1,3,3,1
1,2,6,1953,3,3,4,4,2
1,3,4,1973,3,2,4,4,1
1,1,3,1990,3,1,3,2,2
1,1,5,1951,3,1,4,4,1
1,4,3,1978,2,3,4,3,1
1,4,6,1971,3,2,4,4,2
2,1,2,1978,3,1,2,4,2
1,4,2,1958,3,2,4,4,1
1,3,3,1957,3,1,4,1,2
1,3,3,1949,3,2,4,,1
1,2,2,1955,3,1,3,4,1
1,4,6,1949,3,2,4,2,1
1,3,6,1952,3,2,4,3,1
1,4,4,1963,3,3,4,4,1
1,1,5,1970,3,1,3,2,1
1,3,2,1953,3,2,4,2,2
1,1,6,1956,3,2,4,2,2
1,2,6,1945,3,1,4,4,1
1,3,6,1943,3,2,4,2,1
1,4,5,1949,3,2,4,4,2
1,2,3,1949,3,1,3,1,2
1,4,3,1972,2,1,4,4,2
1,3,5,1964,3,2,4,3,1
1,1,2,1945,3,1,4,4,1
1,1,3,1958,3,1,4,4,2
1,2,6,1966,2,1,4,3,1
1,4,3,1946,2,1,4,4,1
1,4,5,1943,3,2,4,1,2
1,1,2,1938,2,2,4,4,1
1,2,2,1982,2,3,4,4,2
1,2,3,1954,3,1,2,3,2
1,1,5,1963,3,1,3,4,1
1,1,2,1964,3,1,2,4,2
1,2,5,1960,2,1,3,3,2
1,3,2,1964,3,2,4,3,2
1,4,5,1983,3,2,4,4,1
1,4,1,1975,3,2,4,4,2
1,3,5,1972,3,2,4,2,2
1,2,6,1952,2,1,4,4,2
1,4,6,1964,3,3,4,1,2
1,3,5,1955,2,1,4,3,1
1,1,6,1951,3,2,4,4,2
,1,,1940,3,1,4,4,1
1,2,5,1941,3,1,2,2,2
1,2,2,1944,3,1,3,3,1
1,4,6,1967,3,1,2,1,1
1,2,3,1941,2,1,4,2,1
1,1,3,1958,2,1,3,1,2
1,1,5,1958,3,1,4,4,2
1,1,2,1966,1,1,4,4,2
1,2,4,1956,2,1,2,4,2
1,4,6,1958,3,1,4,4,2
1,1,5,1962,3,,2,4,1
1,4,2,1964,3,3,4,2,2
1,3,1,1938,2,2,3,4,1
1,1,3,1956,3,1,4,3,2
1,3,5,1956,2,1,3,2,1
1,3,2,1944,2,1,4,3,2
1,1,3,1937,3,1,4,2,1
1,1,5,1987,3,2,4,4,1
1,,3,1958,3,2,4,,2
1,2,6,1942,3,1,4,3,2
1,4,3,1964,3,2,4,1,2
1,3,3,1964,2,1,4,4,2
2,2,5,1943,3,1,2,4,2
1,1,2,1943,2,1,3,4,2
2,2,4,1933,3,2,4,4,1
1,3,5,1952,3,2,4,3,1
1,2,6,1979,3,1,2,3,1
2,2,6,1984,3,1,3,3,2
1,1,2,1966,3,1,4,1,2
1,3,3,1970,2,2,3,3,1
1,3,6,1970,3,1,2,1,1
2,1,3,1943,3,2,4,3,2
1,4,4,1939,3,1,4,2,1
1,4,1,1942,3,2,4,4,2
2,2,4,1988,1,1,3,2,1
,,6,1964,3,1,4,4,2
1,1,4,1963,2,1,3,2,1
1,4,6,1971,3,1,3,3,2
,4,3,1951,2,3,4,,1
1,4,3,1944,2,2,4,3,1
1,4,5,1956,3,3,4,3,1
1,1,2,1948,3,,3,4,1
1,2,2,1941,2,1,3,3,1
1,2,5,1973,3,1,3,3,1
1,3,5,1961,3,1,4,2,2
1,3,5,1936,3,2,4,3,1
1,1,5,1988,3,1,4,2,2
1,3,5,1932,3,2,4,2,1
1,3,3,1955,3,3,4,3,2
1,4,3,1974,3,3,4,1,1
2,2,2,1953,2,1,2,2,1
1,3,5,1951,3,2,4,4,1
1,3,5,1957,3,1,4,3,1
1,4,6,1956,3,2,4,1,2
2,4,3,1940,2,2,2,3,1
2,1,5,1983,3,1,2,4,1
1,3,2,1946,3,1,3,1,1
1,2,5,1957,3,2,4,2,2
1,4,3,1985,3,3,2,1,1
1,3,6,1957,3,2,4,2,2
1,4,5,1963,2,3,4,4,2
1,1,3,1957,3,1,2,4,2
1,3,3,1964,3,2,4,3,2
1,4,,1956,3,2,4,3,1
1,4,6,1987,3,2,3,4,2
,3,2,1946,3,2,,3,1
1,1,3,1990,1,1,3,3,1
1,3,3,1962,3,2,4,2,2
1,4,4,1943,3,3,4,4,1
1,1,3,1959,3,1,3,1,1
1,3,6,1955,3,3,4,1,1
1,4,5,1963,3,1,4,4,1
1,1,4,1958,2,2,4,4,1
1,1,5,1941,3,1,4,4,1
1,3,2,1957,2,3,3,3,2
1,4,6,1969,3,3,4,1,2
2,2,5,1964,3,1,1,1,2
1,4,3,1954,3,2,4,2,2
2,2,3,1979,2,1,3,3,2
1,4,4,1965,3,3,4,4,2
1,3,3,1940,3,2,4,4,1
1,4,5,1968,3,2,4,,2
1,4,3,1938,3,2,4,4,1
1,2,3,1942,3,1,3,3,2
1,4,4,1943,3,1,2,1,2
1,2,2,1956,3,1,3,3,2
1,3,5,1939,3,2,4,3,1
1,2,5,1934,3,1,2,2,1
1,1,5,1989,1,1,3,4,2
1,4,2,1958,3,3,4,2,2
1,3,6,1974,3,2,4,4,2
1,3,3,1956,3,2,4,4,1
1,1,3,1959,3,1,4,4,2
1,3,1,1937,3,2,4,4,1
1,2,5,1958,3,1,4,2,1
1,2,6,1972,3,1,3,2,2
1,4,5,1968,2,1,3,1,1
1,4,3,1964,3,1,4,4,2
1,3,6,1974,3,1,2,2,1
1,4,3,1976,2,1,3,2,1
1,,4,1958,3,2,4,4,1
1,3,6,1948,3,2,4,3,1
1,2,2,1966,1,3,4,4,2
1,3,5,1953,3,1,4,4,2
1,2,5,1972,3,1,4,2,1
1,3,5,1954,3,2,4,1,2
2,2,6,1946,3,1,2,3,2
1,2,5,1948,3,2,4,3,1
1,1,6,1952,2,,4,4,2
2,4,2,1956,1,2,3,4,2
1,4,5,1956,2,1,4,2,2
1,2,4,1967,3,2,4,4,2
1,3,5,1960,3,2,4,3,1
1,4,2,1955,3,2,4,3,1
1,1,6,1977,2,1,3,4,1
2,1,4,1949,3,2,4,1,2
1,4,4,1948,3,2,4,3,1
1,4,6,1948,3,2,4,4,2
1,4,3,1950,3,2,4,3,2
1,3,2,1970,3,2,4,3,1
1,4,5,1978,3,2,4,1,2
1,4,6,1946,3,1,3,1,1
1,4,4,1957,2,1,4,3,1
1,3,2,1955,3,1,4,3,1
1,3,6,1974,2,1,2,2,1
1,2,5,1956,2,1,3,1,1
1,1,3,1970,3,1,3,2,2
1,2,6,1965,3,1,4,4,1
1,4,6,1949,3,2,4,1,1
1,3,2,1967,2,,4,4,2
1,3,5,1954,2,1,2,3,2
1,4,3,1959,2,2,4,2,1
1,4,4,1966,3,1,4,1,2
1,4,4,1954,3,2,4,4,2
1,3,2,1960,3,2,4,3,2
1,4,2,1972,3,2,4,3,2
1,2,5,1950,3,3,2,2,1
1,1,2,1954,3,1,4,4,1
1,3,6,1955,2,2,4,2,2
2,4,2,1963,2,2,3,1,2
,2,5,1954,3,1,2,1,2
1,4,4,1934,3,2,4,4,1
1,4,5,1965,3,2,4,3,1
1,4,6,1967,3,3,4,2,2
1,2,5,1964,3,3,4,3,1
2,1,3,1957,3,1,2,3,2
1,2,5,1967,3,1,3,2,2
1,4,4,1953,3,2,4,3,2
1,1,3,1966,3,1,3,3,2
1,3,6,1983,2,1,3,2,1
1,3,5,1980,2,1,2,2,2
1,2,5,1968,3,3,4,2,1
1,1,5,1960,3,1,4,4,2
1,4,3,1957,3,1,1,1,2
1,2,2,1963,2,2,4,3,1
1,1,3,1961,1,1,4,1,2
1,3,2,1957,2,2,4,4,2
1,4,3,1947,3,2,4,4,2
2,3,4,1962,3,3,3,3,1
1,3,6,1962,3,2,4,4,1
1,3,2,1959,2,1,3,2,1
1,1,5,1982,3,1,4,1,1
2,3,3,1962,2,2,3,2,2
1,4,3,1964,3,2,3,1,1
1,2,6,1956,3,1,3,3,1
1,3,4,1949,3,1,3,2,2
1,4,5,1985,2,2,4,3,1
2,2,5,1985,1,3,4,3,1
1,2,2,1942,3,1,3,4,1
1,1,2,1949,3,1,4,4,2
1,2,3,1975,3,1,4,2,2
1,4,5,1962,3,2,4,1,1
2,1,3,1954,3,1,2,3,1
1,1,4,1959,2,1,4,3,1
1,2,5,1968,3,3,4,2,2
1,1,4,1968,3,1,3,3,1
1,4,6,1958,3,2,4,3,1
1,4,1,1947,3,1,4,1,1
1,4,5,1957,3,2,4,1,1
3,4,5,1962,1,3,1,3,1
1,1,5,1964,3,1,4,3,1
1,4,3,1967,3,2,4,4,2
1,4,2,1955,2,1,3,1,1
1,4,3,1986,3,,4,3,1
1,4,6,1942,3,2,4,4,1
1,3,3,1955,3,2,4,2,1
1,2,6,1964,3,1,2,1,2
1,4,1,1976,3,1,4,1,2
1,3,3,1965,2,1,1,1,1
1,1,5,1990,3,1,2,4,1
1,4,4,1968,1,,4,2,2
1,3,5,1963,2,2,4,2,2
1,3,6,1946,3,1,3,1,2
1,3,6,1944,3,2,4,2,2
2,2,2,1940,1,1,3,3,1
2,2,5,1955,2,1,3,4,1
1,3,2,1960,2,,4,2,1
1,1,2,1952,3,1,4,4,1
1,1,3,1947,3,1,4,4,1
1,2,2,1958,1,1,4,2,2
1,1,3,1973,3,1,4,2,2
1,3,2,1954,2,1,3,1,1
1,2,4,1933,2,3,4,3,1
2,3,2,1967,2,2,3,3,1
1,4,2,1954,2,1,4,1,1
1,3,5,1980,3,2,4,2,1
2,2,6,1983,2,1,3,3,2
1,3,2,1966,1,1,2,3,1
2,3,2,1965,3,2,3,2,2
1,2,3,1980,2,1,3,4,2
1,2,2,1980,3,2,4,1,2
1,1,6,1969,3,1,2,2,1
1,3,6,1960,2,2,3,2,1
1,1,5,1937,3,1,4,3,2
1,4,3,1957,2,3,1,1,2
2,3,5,1987,1,2,3,2,1
1,4,4,1977,2,2,4,4,2
1,2,4,1949,2,1,4,4,2
1,4,2,1948,3,1,4,4,1
1,1,5,1967,3,1,2,4,1
1,4,3,1956,2,2,2,2,2
1,4,5,1958,3,2,4,4,1
1,4,2,1948,3,1,4,2,2
1,3,5,1949,3,3,4,2,1
1,1,4,1987,2,1,4,4,1
1,1,3,1958,2,3,4,4,2
1,4,3,1948,1,1,1,1,2
1,4,2,1943,3,2,4,4,1
2,2,3,1966,3,1,3,3,2
1,2,5,1956,3,2,4,4,2
2,2,2,1947,4,1,3,4,1
1,1,5,1988,2,2,4,4,2
1,1,3,1979,3,3,3,4,1
1,1,6,1968,3,3,4,4,1
1,1,5,1964,3,2,4,4,2
1,3,2,1952,3,1,3,4,2
1,1,5,1964,3,1,3,4,2
1,4,2,1940,3,2,4,4,1
1,1,2,1941,3,3,4,3,1
1,2,5,1953,2,1,4,2,2
1,3,4,1957,3,2,4,3,1
1,4,2,1965,2,2,3,4,1
1,4,5,1959,3,2,4,1,1
1,2,4,1951,3,1,4,2,1
1,4,3,1970,3,3,4,1,2
2,1,5,1979,3,1,3,4,1
1,4,2,1944,2,1,4,4,2
1,3,6,1981,2,2,3,2,1
1,4,1,1942,2,2,3,1,1
2,3,5,1958,2,1,3,1,1
1,2,5,1956,3,1,4,1,1
1,3,5,1976,3,2,4,2,2
1,3,5,1977,3,2,4,4,1
1,4,3,1956,3,2,3,4,2
1,1,5,1973,3,1,4,1,2
1,1,5,1934,3,1,3,4,2
2,2,5,1971,1,3,3,3,1
2,2,2,1977,2,,3,3,2
1,4,3,1958,2,3,4,3,2
1,2,5,1960,3,1,4,1,2
1,2,2,1967,2,1,4,4,1
1,3,2,1955,3,2,3,3,1
1,4,2,1957,3,1,4,3,1
1,1,4,1942,3,2,4,4,2
1,2,5,1957,2,1,4,3,1
1,3,3,1946,1,1,4,3,2
2,3,3,1956,3,1,1,2,1
4,1,5,1989,4,3,2,4,1
2,3,5,1961,2,1,3,2,1
,,2,1984,3,2,4,,1
1,1,6,1959,3,2,4,4,2
1,2,3,1963,2,1,4,2,2
1,2,3,1971,3,1,3,1,2
1,1,3,1990,1,1,4,4,2
1,4,5,1959,3,2,3,1,2
1,1,6,1966,3,1,2,4,1
1,1,2,1943,2,2,4,4,1
1,3,5,1957,3,3,4,2,1
1,4,4,1953,3,3,4,2,2
1,3,6,1981,2,1,4,3,1
1,3,2,1960,2,1,4,3,2
1,3,2,1957,2,1,4,4,1
1,1,3,1980,2,1,3,1,1
1,1,5,1954,2,1,3,3,1
1,3,3,1966,2,2,4,3,1
1,4,5,1971,3,3,4,3,2
1,1,2,1957,3,2,4,4,2
2,1,5,1969,2,1,2,3,2
1,4,3,1977,2,2,4,4,1
1,4,5,1964,3,2,4,4,2
1,4,5,1970,3,2,4,1,1
1,4,5,1964,3,1,3,4,1
1,3,3,1956,2,3,2,2,2
1,4,6,1944,3,2,4,1,1
1,1,2,1938,3,3,4,4,1
1,2,5,1956,3,3,4,2,2
1,3,2,1952,2,1,4,3,2
1,2,5,1961,2,3,4,3,1
1,3,5,1964,2,2,4,2,1
1,4,2,1949,1,3,4,2,2
2,3,2,1960,2,1,2,3,2
1,1,6,1934,3,1,2,4,1
1,1,3,1960,3,1,4,4,2
1,3,3,1942,3,3,4,2,2
1,4,5,1969,1,1,4,4,1
1,3,5,1954,2,3,4,2,2
1,1,2,1948,3,2,4,3,2
1,2,3,1960,3,1,3,3,2
1,4,2,1984,1,1,2,2,1
1,2,6,1945,3,2,4,4,1
1,4,2,1947,2,3,4,1,1
1,3,6,1966,2,1,3,3,1
1,4,3,1961,2,3,4,1,2
1,3,4,1953,2,3,4,1,2
2,1,3,1991,2,1,2,4,1
1,4,5,1952,3,2,4,4,2
1,4,3,1958,3,2,4,4,1
1,4,3,1966,3,3,4,1,2
3,4,2,1981,3,1,1,1,2
1,,3,1990,2,1,4,,1
1,4,4,1982,2,2,4,2,1
1,1,2,1954,3,1,3,4,1
1,4,2,1954,2,3,4,4,1
1,4,5,1979,2,1,3,1,1
1,4,6,1970,3,2,4,1,1
1,4,2,1938,3,2,4,4,1
1,4,3,1939,3,2,4,3,2
1,3,5,1947,2,3,4,2,1
1,3,5,1961,3,3,4,4,1
1,2,4,1939,3,2,4,3,2
1,3,5,1970,3,1,4,2,1
1,3,3,1978,2,1,3,1,1
1,2,3,1956,3,1,4,2,2
1,3,2,1938,3,1,3,2,2
1,4,5,1960,3,2,4,3,1
1,2,5,1948,3,2,4,3,2
1,3,5,1948,3,3,3,2,2
1,3,2,1962,1,3,3,2,1
1,3,4,1968,3,1,4,2,1
1,4,2,1956,2,2,4,4,1
1,3,4,1967,4,3,4,3,1
1,4,2,1964,2,1,4,2,2
1,2,2,1949,3,1,4,2,2
1,4,6,1975,2,3,4,4,2
1,1,1,1952,3,2,4,4,1
2,1,5,1979,3,1,3,2,1
2,1,2,1939,2,1,3,2,1
1,1,5,1989,2,2,3,4,1
1,4,5,1957,3,2,4,1,1
1,1,5,1961,3,1,4,4,1
1,2,5,1950,2,1,4,2,2
1,4,4,1967,2,2,4,2,1
1,4,4,1956,3,2,4,1,2
1,4,6,1975,2,2,3,4,1
1,4,2,1966,3,2,4,1,1
1,2,3,1980,3,2,4,4,2
1,1,5,1982,2,3,4,4,2
1,1,4,1946,3,2,4,4,1
1,2,5,1974,3,3,4,1,2
1,3,5,1950,3,2,4,2,2
1,4,2,1966,2,2,4,2,2
1,4,5,1950,3,2,4,2,1
1,3,3,1947,3,2,4,2,1
2,3,4,1953,1,1,3,2,2
1,4,2,1932,3,2,4,3,1
1,4,5,1971,3,2,4,3,1
1,4,2,1959,3,3,4,1,1
,,2,1954,2,3,,3,1
1,2,6,1952,3,2,2,3,2
1,1,4,1956,3,3,2,1,2
2,3,6,1945,3,1,2,2,2
1,3,3,1968,3,2,4,2,2
,4,2,1953,1,3,,2,2
1,1,2,1937,3,2,4,3,2
1,2,5,1955,2,2,4,1,2
1,2,4,1953,3,2,4,3,1
1,3,3,1952,3,3,3,1,2
1,4,4,1949,3,3,4,1,2
1,4,2,1963,2,3,4,1,2
2,3,3,1977,1,2,3,2,1
1,2,5,1986,3,,3,4,1
1,3,3,1961,3,3,4,2,1
2,4,5,1973,4,3,3,4,2
1,1,,1948,3,1,4,4,1
1,2,3,1980,3,2,4,4,2
1,4,1,1994,3,2,4,4,2
1,4,5,1956,3,1,4,3,1
1,1,5,1989,2,1,4,4,2
2,1,5,1979,1,1,2,2,1
1,3,5,1976,1,1,2,2,2
1,4,2,1969,1,2,4,1,1
1,3,5,1957,3,2,4,4,2
1,2,3,1986,2,3,4,3,2
1,3,3,1943,3,2,4,2,2
1,1,3,1964,2,1,4,3,1
1,1,6,1949,3,1,2,1,1
1,2,2,1956,2,3,4,3,2
1,3,3,1953,3,1,3,3,1
1,4,3,1941,3,2,4,1,1
1,2,5,1961,2,1,3,4,2
1,3,5,1964,3,2,4,3,2
1,3,5,1988,3,2,4,3,2
1,4,2,1956,3,2,4,1,2
2,4,5,1968,2,1,3,1,2
1,3,3,1954,3,2,4,1,1
1,1,4,1952,2,1,2,3,2
1,3,5,1950,3,2,4,3,1
1,2,5,1964,3,2,4,3,1
1,4,3,1958,3,2,4,4,2
1,1,6,1947,3,1,2,4,2
1,1,4,1964,3,1,3,3,1
1,3,4,1985,4,3,4,4,2
1,1,3,1992,2,3,3,4,2
,2,2,1962,2,1,3,,1
1,4,4,1967,3,2,4,4,2
2,2,3,1975,4,1,3,3,2
1,4,3,1946,3,2,4,2,2
1,3,2,1953,2,2,4,3,2
1,3,2,1970,3,2,4,3,2
1,3,4,1983,3,3,4,2,2
2,1,6,1947,3,1,4,1,1
1,1,3,1993,2,3,3,3,1
1,3,3,1973,1,1,4,3,2
1,1,3,1943,3,2,4,4,1
1,3,3,1947,2,1,4,3,1
1,3,3,1971,2,1,2,2,2
1,2,5,1951,2,3,3,1,1
1,4,4,1971,1,1,4,1,2
1,2,6,1955,2,3,4,2,2
1,4,2,1931,3,2,4,2,1
1,2,2,1979,1,1,3,4,2
1,4,4,1954,2,3,2,2,2
1,4,2,1937,2,3,4,4,2
1,4,6,1955,3,2,4,1,1
1,1,5,1946,2,1,4,4,2
1,3,2,1966,1,1,4,2,2
1,4,3,1951,3,2,4,3,2
1,4,2,1936,3,1,3,3,1
1,4,5,1946,3,2,4,4,1
,,6,1975,2,3,,,2
1,3,5,1986,3,2,3,2,1
1,1,5,1959,3,2,4,4,2
1,3,5,1943,3,2,4,2,2
1,1,2,1941,3,2,4,4,2
1,4,5,1954,3,1,4,3,1
1,3,3,1956,3,3,4,4,1
1,1,2,1946,3,1,4,2,1
1,1,5,1970,3,1,2,2,2
2,3,1,1962,2,2,3,3,2
1,3,3,1954,3,3,4,3,1
1,4,3,1949,3,2,4,1,2
1,2,3,1957,3,2,4,3,1
1,2,4,1959,3,2,3,3,2
1,3,3,1949,3,2,4,4,1
1,4,2,1955,3,1,4,3,2
1,4,5,1965,3,2,3,2,2
1,4,5,1972,2,,3,1,2
1,4,3,1961,3,2,4,2,1
1,3,6,1960,3,2,4,2,1
1,3,2,1946,3,3,4,4,1
1,3,5,1968,3,3,4,1,2
1,3,3,1961,2,1,2,1,2
1,4,2,1940,3,2,4,1,2
1,,4,1945,2,1,,,2
1,4,2,1953,3,3,4,3,1
1,3,2,1937,3,2,4,2,2
1,4,6,1949,3,3,4,4,2
1,1,3,1986,3,1,2,3,1
1,4,2,1961,3,2,4,4,1
1,1,4,1986,1,3,4,4,1
1,4,2,1946,3,3,4,1,2
1,2,6,1979,3,1,4,3,1
1,3,5,1952,3,1,4,3,1
1,4,3,1952,2,1,2,2,1
1,3,6,1939,2,1,4,1,2
1,4,2,1956,1,2,4,1,2
1,3,3,1948,3,1,4,2,1
1,4,5,1963,3,2,4,3,1
1,2,3,1970,3,2,4,4,2
1,4,2,1973,3,2,4,3,1
1,2,2,1953,1,1,4,3,1
2,2,5,1956,3,3,2,2,1
1,4,2,1961,3,2,4,1,2
1,1,5,1961,2,2,3,4,2
1,3,4,1938,3,2,4,4,1
1,1,3,1955,3,1,3,4,2
1,1,2,1968,4,3,4,4,1
1,4,4,1968,3,2,4,4,2
1,1,2,1972,3,2,4,4,1
1,4,5,1962,3,2,4,2,1
1,2,2,1960,2,3,4,3,2
1,2,5,1988,3,1,2,2,2
1,4,4,1971,3,2,4,3,1
1,4,5,1952,3,3,4,4,2
1,4,3,1965,3,2,4,1,1
1,4,5,1949,3,2,4,3,1
1,3,5,1964,3,1,1,1,2
1,4,6,1959,3,2,4,4,2
1,3,6,1957,3,2,4,2,1
1,2,2,1959,3,1,4,2,1
1,4,6,1948,3,2,4,4,2
1,4,2,1938,2,1,4,4,2
1,3,3,1963,3,2,4,2,2
1,4,3,1932,3,2,4,4,2
1,3,5,1951,3,2,4,4,2
1,4,5,1937,3,2,4,2,1
2,1,3,1944,3,1,3,3,2
1,4,2,1970,1,1,3,2,1
1,4,5,1946,3,2,4,1,2
1,4,5,1953,2,2,4,3,1
1,4,2,1961,3,2,4,4,1
1,4,6,1967,3,2,4,4,2
1,3,5,1962,3,2,4,4,1
1,3,6,1945,3,2,4,2,1
1,2,5,1965,3,2,4,3,2
1,2,6,1968,3,1,3,2,2
1,3,3,1953,3,2,4,4,1
1,1,4,1991,1,1,4,4,2
1,1,2,1986,4,1,4,2,1
1,4,2,1953,2,2,3,3,1
1,4,2,1957,3,2,4,1,2
2,2,6,1965,2,1,3,3,1
1,4,3,1990,3,2,4,3,2
1,4,5,1946,3,2,4,1,1
1,4,6,1962,2,1,4,3,1
1,4,2,1968,3,2,4,3,2
1,4,3,1965,3,2,4,3,1
1,4,2,1967,2,1,4,3,2
1,2,3,1951,3,2,4,3,1
1,1,3,1932,3,1,3,4,2
1,3,4,1962,2,2,2,4,1
1,3,3,1962,1,2,4,3,2
1,2,2,1956,2,1,4,3,2
2,4,4,1963,2,1,4,2,1
1,3,6,1950,2,1,4,3,1
1,4,2,1971,3,1,4,3,1
1,4,5,1972,3,1,4,2,2
1,,3,1955,2,1,3,,1
1,2,5,1954,3,2,4,4,2
1,3,2,1950,2,2,4,4,2
1,3,4,1962,3,2,4,2,2
1,2,3,1961,2,2,2,3,1
1,3,5,1950,2,1,3,3,1
,,3,1991,,3,,,2
1,4,5,1948,3,2,4,4,1
1,2,2,1941,2,1,2,4,1
2,4,3,1968,2,3,4,2,2
1,4,2,1942,3,2,4,3,1
1,1,3,1943,2,1,4,2,1
,,1,1939,3,,,,2
1,2,4,1956,3,2,4,1,2
1,2,4,1972,3,1,3,1,2
1,4,3,1937,3,2,4,1,2
1,4,2,1960,1,2,4,4,1
1,4,3,1974,3,3,4,4,1
1,3,4,1975,3,2,4,4,1
2,4,2,1945,2,1,3,2,1
1,4,2,1954,3,2,4,3,2
5,5,3,1939,3,1,5,5,1
1,4,2,1948,2,2,4,2,1
2,3,2,1950,2,3,3,4,1
1,3,6,1951,3,2,4,4,2
1,1,4,1986,3,3,3,4,1
1,3,5,1957,3,2,4,3,2
1,1,5,1967,2,1,3,4,2
1,4,4,1965,2,1,4,3,2
1,3,4,1960,3,1,4,1,1
2,2,2,1962,1,2,3,1,1
1,4,5,1966,3,2,4,4,2
2,2,5,1978,3,1,2,3,1
1,3,3,1964,3,2,4,3,2
1,1,2,1936,3,2,4,4,1
2,2,6,1968,1,3,2,1,2
1,2,2,1954,3,1,3,3,2
2,2,3,1951,3,1,2,2,2
1,4,3,1959,3,2,4,4,1
2,4,5,1963,3,2,4,2,2
1,1,2,1966,1,1,4,4,2
1,3,5,1944,2,1,3,1,2
1,1,3,1951,3,1,1,3,2
1,1,6,1972,2,1,4,4,2
1,3,2,1954,3,2,4,4,2
1,4,4,1961,3,2,4,3,2
1,4,5,1948,3,2,4,1,2
1,2,2,1962,1,1,4,3,1
1,4,3,1929,3,1,4,2,2
1,3,2,1965,1,2,3,2,1
1,4,2,1949,3,2,4,4,2
1,4,2,1982,2,3,4,2,1
2,2,5,1933,2,1,3,3,1
1,3,5,1944,3,2,4,2,1
1,3,2,1952,3,2,4,4,2
1,4,2,1966,2,2,4,4,1
1,3,4,1960,3,1,4,3,1
1,3,5,1957,3,2,4,2,1
1,2,6,1957,3,1,3,3,2
1,1,3,1942,3,1,4,4,1
3,3,5,1984,1,2,2,2,2
1,2,3,1949,3,2,4,3,2
1,1,5,1944,3,2,4,4,1
1,1,2,1948,2,1,4,1,1
1,3,2,1954,2,2,4,2,2
1,4,5,1954,2,2,4,3,2
1,4,5,1954,3,2,4,1,2
2,2,2,1948,3,1,3,3,1
1,2,2,1953,2,2,4,1,2
1,4,4,1990,2,3,4,1,1
1,2,2,1961,3,1,4,4,1
1,1,4,1983,3,1,3,2,1
1,2,2,1950,3,2,4,3,2
1,2,2,1959,1,2,4,2,2
1,1,3,1964,3,1,2,2,2
2,3,3,1979,1,1,3,3,2
1,4,3,1960,3,2,4,4,2
1,1,5,1975,3,1,4,3,1
1,4,2,1964,2,2,4,2,1
4,3,3,1977,2,2,3,,1
1,2,2,1955,3,1,4,4,2
1,1,5,1967,3,1,4,4,2
1,1,5,1957,3,1,3,4,1
1,2,2,1954,3,1,4,3,2
1,3,3,1974,3,2,4,2,2
2,2,3,1990,1,1,3,4,1
1,1,6,1954,3,2,3,3,2
1,4,3,1961,3,2,4,4,1
2,2,2,1954,1,1,3,3,1
1,2,5,1981,3,2,4,2,1
1,4,3,1990,2,1,4,3,1
1,3,5,1953,3,3,4,2,1
1,3,5,1958,3,1,4,3,1
1,1,3,1990,3,3,4,4,2
2,2,3,1952,3,3,3,2,1
1,4,3,1957,3,2,4,1,2
1,4,4,1958,2,1,3,4,1
1,3,2,1955,3,2,4,4,1
1,4,5,1956,3,2,4,3,2
1,2,5,1964,2,3,3,3,1
1,1,3,1990,3,1,4,4,1
1,3,6,1963,2,3,3,2,2
1,2,3,1951,1,1,3,4,1
1,2,3,1984,1,1,4,3,2
1,1,2,1965,2,2,4,4,1
1,1,2,1971,3,1,4,3,1
1,4,5,1948,3,2,4,1,1
1,3,5,1987,2,1,3,3,2
1,4,3,1962,3,1,1,1,2
1,4,5,1971,3,2,4,4,1
1,1,6,1976,3,1,2,3,1
1,4,1,1950,3,2,4,4,1
1,1,2,1931,2,2,,,1
1,1,2,1993,2,1,4,4,2
1,4,2,1957,3,2,4,4,1
1,4,5,1987,2,1,4,2,1
1,2,4,1947,3,3,4,2,1
1,1,5,1986,2,1,3,3,1
2,2,5,1963,2,1,3,3,2
1,1,5,1965,3,2,4,4,1
1,2,4,1982,2,1,4,3,2
1,3,3,1976,3,2,4,3,2
1,4,3,1954,3,2,4,2,1
2,4,3,1971,2,2,1,3,1
1,4,2,1971,3,2,4,4,2
2,2,5,1988,3,1,,3,1
1,3,5,1984,3,2,4,3,2
2,2,2,1950,1,2,3,3,2
1,1,4,1961,3,1,3,1,1
2,1,4,1992,2,1,3,4,2
1,4,5,1964,3,2,4,1,2
1,3,2,1973,1,2,4,2,1
1,4,2,1973,2,2,4,4,1
1,4,5,1985,3,1,4,4,2
1,3,2,1953,2,1,3,3,1
1,2,3,1958,1,3,3,3,1
1,2,4,1966,2,2,4,4,1
1,4,4,1960,3,2,4,3,2
1,1,5,1955,2,1,2,2,1
2,1,5,1987,2,2,3,4,2
1,3,4,1952,3,1,3,2,2
1,1,5,1983,3,1,2,3,2
1,3,3,1966,3,1,4,4,1
2,1,6,1969,3,1,4,2,1
1,1,3,1984,3,1,3,1,1
1,3,2,1955,2,1,3,4,2
1,1,3,1935,3,2,4,4,2
1,1,5,1981,3,2,4,4,1
1,1,3,1957,4,3,4,4,2
1,4,3,1960,2,3,4,2,1
2,3,4,1962,3,3,2,1,2
1,4,2,1970,3,2,4,4,2
1,4,3,1957,3,1,3,2,2
1,4,2,1969,3,2,4,2,2
1,2,2,1957,2,1,4,3,1
1,3,5,1960,2,2,4,4,1
1,2,1,1947,3,2,4,3,2
1,2,4,1958,3,3,4,2,2
1,4,4,1961,2,2,4,4,1
1,4,3,1972,3,2,4,4,1
1,4,3,1957,2,1,3,1,1
1,1,5,1958,2,2,2,2,2
1,4,5,1953,3,2,4,1,1
1,2,5,1957,3,3,3,3,1
1,4,5,1948,2,2,4,2,1
1,3,3,1961,2,2,4,3,2
1,4,6,1941,3,2,4,3,1
1,2,1,1945,2,2,4,4,1
1,3,3,1967,3,2,4,3,1
1,3,2,1940,3,2,4,4,1
1,1,5,1932,3,3,4,4,2
1,4,2,1940,2,3,4,3,1
1,4,5,1941,3,2,4,4,1
1,1,5,1983,3,1,3,3,1
1,4,2,1940,3,1,4,4,1
1,4,6,1956,3,2,4,4,2
1,1,3,1948,2,1,2,3,2
1,2,6,1977,2,3,3,3,1
2,1,1,1952,3,1,1,4,1
1,4,2,1950,3,3,4,1,2
1,1,5,1980,3,1,2,4,2
1,4,3,1953,1,1,4,2,2
1,1,6,1962,3,1,4,3,2
3,3,2,1973,2,2,1,,1
1,3,4,1965,3,1,3,2,2
1,2,2,1968,2,1,4,4,1
2,4,3,1991,2,2,3,2,2
1,1,4,1963,3,1,4,4,1
1,3,2,1925,3,2,3,2,1
1,1,6,1956,3,1,4,3,1
1,1,3,1988,1,3,4,4,1
2,2,5,1957,2,1,3,2,2
1,4,5,1944,2,2,2,4,2
2,1,5,1966,2,1,2,3,1
1,4,3,1935,3,2,4,2,1
1,3,3,1963,3,2,4,1,1
1,4,4,1957,3,3,4,2,2
1,4,5,1963,3,3,4,1,1
1,3,1,1942,1,3,4,2,2
1,4,5,1947,3,2,4,3,2
1,4,6,1953,3,3,4,2,2
1,3,5,1956,3,2,4,3,1
2,4,2,1941,3,3,2,1,2
1,1,4,1966,3,1,3,1,1
2,1,2,1968,2,,4,3,2
1,2,4,1958,1,2,4,3,2
1,3,6,1948,3,2,4,4,1
1,4,2,1945,2,1,4,3,2
1,2,2,1942,3,1,4,1,1
1,4,3,1965,3,2,4,1,2
1,3,5,1956,2,3,4,3,1
1,3,4,1953,3,3,4,2,2
1,2,3,1958,3,1,2,1,2
2,2,2,1937,3,1,3,3,2
1,1,3,1973,1,3,3,3,1
1,3,3,1958,3,2,4,2,1
1,3,5,1956,3,2,4,2,2
1,4,3,1958,3,2,4,2,2
1,2,4,1937,3,2,2,1,1
1,4,2,1945,3,2,4,3,1
1,3,6,1965,2,2,4,3,1
1,3,4,1960,3,2,4,4,2
1,3,2,1950,2,1,4,1,2
1,4,5,1953,3,2,4,2,1
1,3,2,1951,2,3,4,2,1
1,3,1,1969,2,2,4,4,1
1,1,6,1972,3,3,4,4,1
2,4,2,1943,3,2,4,1,2
1,4,2,1958,2,1,4,3,2
1,3,2,1935,3,3,4,4,1
1,4,2,1971,3,2,4,4,1
1,2,3,1954,3,1,4,3,1
1,2,3,1969,1,1,4,4,1
2,1,6,1975,1,1,2,2,1
1,4,2,1946,3,2,4,1,1
1,3,5,1947,2,3,4,2,1
1,4,2,1953,3,2,4,4,2
1,4,3,1987,3,2,4,3,1
2,2,5,1981,2,2,4,4,1
1,1,2,1963,3,1,3,3,2
1,3,5,1961,3,2,4,3,1
1,4,5,1964,3,2,4,2,2
1,1,3,1968,2,1,4,2,1
5,5,4,1941,3,2,5,5,1
1,1,5,1956,3,3,4,2,2
1,4,3,1956,3,2,4,3,1
1,4,5,1946,3,2,4,3,2
1,1,3,1966,2,1,2,3,1
1,4,2,1968,2,,4,4,2
1,2,2,1958,3,1,4,2,1
1,1,3,1967,3,,4,3,1
1,4,1,1944,3,1,4,1,1
1,1,3,1983,3,1,3,4,2
1,3,2,1946,2,3,4,3,1
1,3,5,1940,3,2,3,3,1
1,2,3,1980,2,3,2,2,1
1,2,2,1990,1,1,4,3,2
1,4,2,1954,3,2,4,2,2
2,2,4,1955,2,3,3,3,1
1,2,2,1943,3,2,4,2,1
1,4,2,1974,3,2,4,3,2
1,4,2,1961,3,2,4,2,1
1,4,3,1947,3,2,4,3,2
1,3,5,1932,3,2,4,4,1
1,3,6,1950,3,2,4,3,1
1,4,3,1973,2,2,4,4,1
1,4,2,1962,4,1,4,4,1
1,4,3,1968,2,3,4,2,1
1,2,2,1953,3,1,4,2,2
1,4,4,1956,3,2,4,2,2
1,2,3,1957,3,2,4,4,1
4,4,5,1977,2,3,1,1,1
1,2,5,1949,3,1,4,4,1
1,4,6,1961,3,1,4,4,1
3,3,2,1993,1,2,2,1,1
1,3,3,1959,3,2,4,3,1
3,1,3,1991,2,1,2,1,2
1,1,2,1940,2,1,1,1,2
1,4,3,1950,3,3,4,3,2
1,1,2,1940,3,2,4,4,1
1,3,3,1931,3,3,4,3,2
1,2,3,1961,2,3,3,3,1
1,2,2,1977,1,3,3,3,2
1,1,6,1973,3,3,4,3,1
1,1,2,1959,3,2,4,4,1
1,2,2,1947,2,1,4,3,1
2,3,3,1962,4,1,3,2,2
1,2,6,1971,2,1,3,1,2
1,4,5,1964,3,2,3,3,1
1,4,4,1957,3,2,4,3,2
1,3,4,1980,1,3,4,1,2
1,4,2,1966,2,2,4,4,2
2,4,,1965,2,3,4,4,1
1,2,3,1959,2,1,3,3,2
1,4,4,1970,2,3,4,1,2
1,2,5,1952,3,3,4,4,1
1,4,6,1970,3,2,4,4,1
1,3,2,1960,2,1,3,2,1
1,2,6,1982,2,3,4,4,2
1,4,2,1966,1,2,4,4,1
1,1,5,1968,2,1,4,4,2
1,3,2,1932,3,2,4,3,2
1,4,2,1961,3,3,4,1,1
1,4,3,1959,3,1,3,2,2
1,4,5,1960,3,2,4,4,1
1,4,4,1953,3,2,4,1,2
1,4,1,1953,3,2,4,4,2
1,2,3,1943,2,1,3,3,2
1,3,3,1948,2,2,4,3,1
1,3,3,1956,1,2,4,3,1
1,3,4,1961,3,2,4,4,2
1,3,1,1945,3,2,4,2,1
1,1,3,1947,2,1,3,4,1
1,3,4,1946,3,2,3,1,2
1,4,2,1957,2,1,4,2,1
1,3,,1958,1,,3,3,2
1,4,5,1959,3,2,4,3,2
1,4,2,1935,2,2,4,3,2
1,4,3,1979,3,2,4,2,1
1,4,2,1956,3,2,4,4,2
1,1,5,1956,3,1,4,1,2
1,3,3,1963,3,2,3,1,2
2,2,2,1959,1,1,4,2,1
1,4,4,1960,3,3,4,4,2
1,1,2,1966,2,1,4,2,2
1,1,6,1945,3,1,4,1,1
1,1,5,1986,1,1,4,4,1
1,1,6,1963,2,1,4,2,1
2,1,3,1974,2,1,2,4,1
1,1,2,1963,3,1,4,4,2
1,4,1,1946,4,3,4,2,2
1,3,5,1945,3,2,4,2,2
2,3,3,1988,1,1,2,1,2
1,4,2,1942,2,2,4,2,2
1,4,4,1955,2,1,4,3,1
2,3,5,1968,2,2,3,2,2
1,2,6,1984,3,2,4,2,2
2,2,5,1962,1,3,3,3,2
1,2,5,1932,2,1,4,4,1
1,3,3,1964,3,2,4,4,1
1,3,1,1965,1,3,4,2,2
1,4,3,1955,3,2,4,4,1
1,2,3,1939,3,3,3,3,1
1,4,2,1953,2,1,4,1,1
1,3,5,1968,3,2,4,1,1
1,2,3,1925,3,2,4,3,1
1,4,2,1959,3,2,4,4,2
1,1,3,1984,3,2,4,1,2
1,4,3,1956,3,2,4,3,1
1,2,4,1959,3,3,4,1,2
1,4,3,1951,3,2,4,4,1
1,3,4,1958,2,3,4,2,1
1,2,3,1961,3,2,4,4,1
1,4,2,1943,1,2,3,4,1
1,2,2,1940,3,1,4,3,2
2,4,3,1953,2,1,2,3,1
1,2,2,1956,3,2,4,2,2
1,2,5,1981,2,1,4,2,1
1,3,3,1976,3,2,3,2,2
1,3,3,1960,3,2,4,3,1
,4,4,1956,2,1,,1,2
1,4,5,1947,2,2,4,3,2
,3,3,1957,2,1,,3,1
1,4,6,1951,3,2,4,3,1
1,3,2,1939,3,2,4,3,2
1,4,5,1955,3,1,4,4,2
1,2,5,1966,3,1,4,2,2
2,2,5,1980,3,1,3,3,2
2,3,5,1954,2,1,2,3,1
1,1,5,1985,2,1,4,2,1
1,4,3,1962,3,2,4,3,1
1,3,2,1960,2,2,4,3,1
2,3,4,1970,2,1,3,3,1
,1,5,1952,3,1,,4,1
1,4,6,1958,3,2,4,3,2
1,2,3,1952,3,1,4,4,2
1,1,5,1968,3,1,4,4,2
1,2,5,1960,3,1,4,4,2
1,4,4,1956,3,3,4,4,1
1,1,5,1944,3,3,4,3,2
1,1,2,1942,3,3,4,4,2
1,2,2,1949,2,1,3,3,1
1,,6,1954,2,1,4,1,2
1,4,3,1944,3,2,4,1,1
1,3,5,1954,3,3,3,1,2
1,4,2,1953,3,2,4,3,2
1,3,2,1946,3,2,4,3,1
1,2,3,1962,2,2,3,3,1
1,4,5,1950,1,3,4,2,2
1,4,2,1962,1,1,3,4,2
2,1,3,1942,3,1,4,1,1
1,3,6,1941,2,1,3,4,2
1,4,6,1969,3,2,4,3,2
,2,6,1981,3,1,,,2
2,1,5,1989,2,3,2,1,2
1,3,6,1975,3,2,4,4,1
1,2,4,1960,3,2,4,2,1
2,3,5,1955,1,1,3,2,1
1,1,2,1953,2,2,4,4,2
1,4,5,1980,2,2,4,4,2
1,3,5,1956,3,1,4,3,2
1,3,3,1965,3,2,4,4,2
1,4,2,1950,3,3,4,4,2
1,4,3,1954,3,2,4,1,2
1,4,3,1959,3,2,4,1,1
1,4,2,1935,3,2,4,4,1
1,4,3,1969,3,3,4,1,2
1,3,5,1990,3,2,4,2,1
1,2,5,1964,3,2,1,2,2
2,4,3,1970,2,2,4,3,2
1,4,3,1971,3,2,4,4,1
1,2,4,1939,3,1,3,3,2
1,4,2,1951,2,1,4,2,2
1,2,5,1963,2,1,2,3,2
1,2,3,1967,3,1,3,3,1
1,4,4,1954,3,2,4,2,2
1,1,6,1962,3,1,1,1,1
1,3,4,1966,3,3,4,1,2
1,2,3,1957,3,1,2,3,2
1,4,3,1956,3,3,4,2,2
1,4,4,1948,3,2,4,4,2
1,3,4,1948,3,1,4,3,1
1,1,3,1967,2,2,4,4,2
1,1,5,1945,2,3,4,4,1
1,4,4,1954,3,3,4,2,1
1,4,6,1953,3,2,4,,1
1,1,5,1941,3,2,4,3,1
1,1,3,1989,3,1,2,4,2
1,2,3,1957,1,1,4,3,2
1,4,2,1938,2,2,4,2,2
1,1,3,1947,3,1,3,4,2
1,3,3,1963,3,2,4,2,1
1,4,4,1945,3,3,4,4,2
1,4,5,1965,3,2,4,4,1
1,1,3,1958,2,,3,1,1
1,1,4,1957,1,1,4,4,1
1,3,2,1949,3,1,4,2,2
1,3,6,1978,2,2,4,4,1
1,4,6,1949,3,2,4,4,2
1,3,5,1952,3,1,4,3,1
1,4,3,1963,2,1,1,4,1
1,3,3,1953,2,1,4,2,2
1,,3,1932,3,,4,,2
1,4,5,1944,3,2,4,4,1
1,4,5,1966,2,3,4,3,2
1,3,2,1966,2,1,3,4,2
1,4,2,1961,3,2,4,2,1
1,2,3,1963,2,2,3,3,1
2,2,5,1980,2,2,3,2,1
1,3,5,1933,3,1,4,4,2
1,2,3,1934,3,2,4,3,1
1,4,5,1957,3,2,4,3,2
1,2,4,1951,3,1,4,4,2
1,3,6,1969,3,2,4,3,1
1,4,2,1931,3,2,4,1,1
1,3,5,1952,2,1,3,4,1
1,2,3,1954,3,1,2,2,1
1,2,2,1944,2,2,4,4,2
1,2,3,1955,3,2,4,3,2
1,1,3,1972,3,2,4,4,2
1,4,3,1949,3,3,4,2,1
1,4,5,1951,3,2,4,3,1
1,4,5,1971,3,2,4,2,2
1,4,2,1959,3,3,1,4,1
1,2,2,1941,3,2,4,3,2
1,4,6,1965,3,2,4,2,1
1,3,3,1964,3,3,3,4,1
1,2,2,1946,3,1,2,3,2
1,4,2,1949,3,2,4,3,2
1,4,3,1942,3,2,4,4,1
1,4,4,1961,3,2,4,1,1
1,,2,1953,3,1,4,4,2
1,1,3,1964,3,1,4,4,2
1,1,3,1962,3,1,3,1,1
2,3,2,1975,3,2,3,3,1
1,2,5,1967,3,2,4,3,2
1,3,3,1947,3,2,4,1,1
1,1,6,1946,3,2,2,4,1
1,4,5,1970,3,2,4,2,1
1,3,4,1975,3,1,3,2,2
1,4,2,1956,2,2,4,3,1
1,2,6,1972,3,1,2,3,1
1,4,4,1961,3,2,4,2,2
1,4,5,1953,3,2,4,4,2
1,4,2,1955,3,1,4,3,2
1,3,3,1957,3,3,4,4,2
1,4,2,1959,1,2,3,3,2
1,4,5,1966,3,2,4,4,2
1,3,5,1980,2,2,4,3,1
1,4,3,1984,2,3,1,1,1
1,3,5,1948,2,1,4,2,1
1,1,2,1958,3,1,4,4,1
1,3,4,1961,3,2,4,4,1
1,4,2,1955,2,1,4,,2
1,3,2,1951,3,2,4,3,1
1,2,5,1964,2,1,4,1,2
2,4,2,1971,1,1,4,4,2
1,1,5,1977,3,1,2,4,1
1,4,5,1956,3,3,4,2,1
1,1,2,1956,1,1,4,4,1
1,4,3,1956,3,1,4,3,2
1,4,2,1965,2,1,2,2,1
1,4,4,1963,3,2,4,4,2
1,4,1,1942,2,2,4,4,2
1,4,2,1966,2,2,4,4,1
1,4,5,1950,3,3,4,3,2
1,4,6,1979,2,2,4,2,2
1,3,5,1974,1,1,3,3,1
1,3,1,1964,2,2,4,3,2
1,1,5,1979,2,1,4,4,2
1,3,6,1931,3,2,4,2,1
1,1,5,1978,3,1,1,4,2
1,4,4,1971,2,2,4,2,2
1,2,6,1976,3,1,2,3,2
1,2,3,1962,3,1,2,2,1
1,1,2,1945,3,2,4,4,2
1,3,2,1967,2,2,4,2,2
1,4,3,1956,2,3,3,3,2
1,2,2,1954,1,1,4,4,1
1,4,5,1959,3,2,4,1,2
1,3,4,1977,3,2,4,4,1
1,2,4,1964,3,2,4,4,2
1,3,2,1953,3,1,4,2,1
2,2,2,1943,3,1,4,3,2
1,4,6,1943,3,2,4,2,1
1,3,6,1953,3,2,4,4,2
1,2,5,1956,1,1,3,1,1
1,4,3,1981,3,2,4,4,1
1,3,6,1959,2,1,4,2,1
1,1,2,1930,3,1,3,4,1
1,3,1,1949,3,2,4,4,2
1,2,5,1956,2,1,3,1,2
1,4,2,1966,2,1,4,2,1
1,1,2,1938,2,2,4,4,1
1,4,5,1969,3,3,4,1,2
1,2,3,1950,2,1,3,4,2
1,1,2,1960,2,2,4,3,1
1,4,6,1961,3,2,4,4,2
1,3,5,1959,2,2,3,2,1
1,4,2,1939,2,3,4,2,1
2,4,5,1931,2,1,3,3,1
1,2,2,1944,3,2,4,4,2
2,4,5,1950,3,3,4,1,1
1,1,3,1988,4,1,4,4,1
,2,2,1945,2,1,,4,2
1,4,3,1948,3,2,4,4,1
1,4,6,1954,2,2,4,1,2
1,4,5,1959,3,2,4,1,1
1,2,6,1945,3,1,4,3,1
1,4,5,1975,2,2,4,3,1
,,4,1945,3,,,,2
1,4,5,1963,3,3,4,4,2
1,4,2,1957,3,2,4,3,1
1,4,6,1943,3,3,4,3,1
1,2,4,1970,2,2,4,3,2
1,4,3,1946,3,1,4,3,1
1,2,2,1948,3,2,4,4,1
1,3,2,1964,2,1,4,4,1
2,2,5,1962,2,1,3,3,1
1,3,2,1952,2,3,4,3,2
1,1,6,1981,2,1,4,1,1
1,2,2,1941,3,2,4,4,1
1,4,3,1964,2,2,4,1,1
1,3,3,1944,3,1,4,4,1
1,3,5,1960,2,1,4,4,2
1,4,4,1960,3,1,3,2,2
1,3,5,1981,1,2,4,2,2
2,3,2,1961,2,1,3,3,1
2,3,2,1936,2,1,3,2,1
1,4,5,1951,2,1,2,3,2
1,4,6,1961,3,1,4,1,1
2,1,4,1948,2,1,2,2,2
1,1,5,1952,3,2,4,4,2
1,3,2,1941,3,2,4,2,2
1,1,3,1951,3,1,3,4,1
1,3,3,1979,2,3,4,4,1
2,2,2,1983,1,3,3,3,2
1,,5,1925,3,1,3,,1
1,2,5,1966,3,2,3,3,2
1,4,2,1971,1,1,4,1,2
1,2,6,1950,3,2,4,1,1
1,1,6,1956,3,2,4,2,1
1,2,4,1962,3,,4,4,2
1,3,5,1944,3,2,4,4,1
1,2,5,1961,3,2,4,2,2
1,3,2,1966,1,2,4,3,2
1,3,2,1952,3,1,4,3,1
1,4,3,1952,3,2,4,4,1
1,1,5,1942,3,1,3,3,1
1,2,5,1974,3,1,3,2,2
1,4,2,1956,3,2,4,4,2
1,2,6,1957,3,1,4,2,1
1,3,3,1961,2,1,3,2,2
1,,2,1955,3,1,3,,2
1,4,5,1954,1,2,4,4,1
1,4,4,1975,1,1,2,4,1
1,3,2,1939,3,2,4,3,2
1,4,2,1957,2,3,4,2,1
1,3,5,1980,2,3,3,2,1
1,2,2,1933,2,2,4,4,1
1,4,2,1946,2,2,4,1,2
2,1,3,1961,3,2,4,4,1
1,1,5,1941,3,1,2,4,2
1,3,3,1964,2,3,4,3,2
1,4,2,1941,3,2,4,4,1
1,2,2,1936,3,2,4,3,1
1,3,6,1966,3,2,4,4,1
1,3,5,1985,2,1,3,2,2
1,4,3,1941,2,2,4,2,2
1,3,2,1958,2,2,4,2,1
1,2,5,1983,3,2,4,4,1
1,1,3,1949,3,1,3,3,1
1,4,3,1961,3,2,4,4,1
1,1,3,1989,3,1,4,4,2
1,4,2,1933,3,2,4,2,2
1,1,2,1933,3,2,4,4,1
1,4,4,1933,2,2,4,3,2
1,2,2,1932,3,2,4,4,1
1,2,5,1952,3,2,4,4,1
1,1,2,1955,2,2,4,4,1
,,6,1947,3,2,4,4,2
1,3,3,1965,2,1,3,3,2
1,4,3,1948,1,3,3,1,2
2,2,3,1940,2,1,3,3,1
1,3,3,1951,3,1,4,2,2
1,1,3,1954,3,1,2,4,2
1,4,4,1938,3,3,4,2,1
1,1,5,1952,2,1,3,4,2
1,3,3,1928,3,1,2,3,1
1,4,4,1963,2,1,3,1,2
1,4,2,1941,3,2,4,1,1
1,3,3,1960,2,2,4,2,1
1,2,3,1948,3,1,4,1,2
1,1,2,1948,3,3,4,4,1
1,4,2,1990,3,3,4,3,1
1,4,2,1958,3,2,1,4,1
2,4,2,1957,1,3,4,2,1
3,3,5,1985,3,1,3,3,1
1,,2,1972,3,2,4,2,1
1,3,3,1960,3,2,4,2,2
1,4,2,1941,3,2,4,3,2
1,3,3,1950,3,2,4,3,1
1,2,4,1958,2,2,4,1,2
2,4,6,1933,3,1,3,1,1
1,1,2,1953,3,2,4,4,1
1,1,3,1959,2,1,4,3,1
1,2,2,1954,2,1,4,3,1
2,2,6,1946,3,1,2,3,1
1,2,6,1982,3,1,4,3,2
1,4,6,1971,3,1,3,1,2
2,4,2,1959,1,1,3,4,2
1,3,2,1951,3,1,4,4,2
1,3,3,1950,3,2,4,4,1
1,3,,1947,2,1,4,2,1
1,2,4,1973,3,1,3,4,1
1,4,3,1963,2,3,4,2,2
1,2,3,1953,1,1,3,3,2
1,1,5,1979,3,1,4,4,1
2,1,6,1988,2,1,2,3,2
1,4,2,1980,2,1,2,1,1
1,1,3,1963,2,1,4,4,2
1,1,3,1926,3,2,4,4,2
1,3,5,1966,3,1,3,2,1
1,4,3,1959,3,2,4,4,1
1,3,2,1961,2,3,4,1,2
1,3,5,1964,2,2,3,2,1
1,1,2,1970,2,3,4,4,2
1,2,3,1955,2,1,4,3,1
1,4,4,1979,2,3,4,3,2
1,4,3,1942,3,2,4,2,2
1,2,5,1967,3,2,4,1,1
2,4,5,1951,2,1,4,4,2
2,1,1,1994,2,1,4,4,2
1,4,6,1955,3,2,4,1,1
2,2,3,1968,2,2,3,3,2
1,4,3,1939,2,2,4,2,2
1,4,2,1943,2,1,4,3,2
2,2,5,1949,3,2,4,3,1
1,,2,1967,3,2,2,2,2
1,1,3,1958,3,1,2,1,1
1,4,3,1942,3,1,4,4,2
2,3,3,1962,3,1,2,3,1
1,4,5,1952,3,2,4,3,2
1,4,2,1959,3,2,4,2,2
2,2,2,1971,4,3,3,3,1
2,4,1,1937,3,3,4,3,2
1,4,2,1951,2,3,4,4,2
1,,2,1948,3,2,4,4,2
1,4,5,1987,2,2,4,3,1
1,4,2,1961,3,2,4,2,2
5,5,4,1988,2,1,5,5,1
1,4,4,1961,2,2,4,1,1
1,3,2,1936,3,2,4,4,2
1,4,2,1959,3,2,4,4,2
1,3,2,1960,3,2,4,4,2
1,1,3,1983,3,1,2,4,1
1,2,4,1966,3,2,4,1,1
1,1,2,1941,3,2,4,4,2
1,4,6,1929,3,2,4,1,2
2,3,3,1960,2,2,3,2,1
1,4,6,1963,3,2,4,1,2
1,3,3,1977,3,2,4,3,1
1,2,1,1931,3,1,4,4,2
1,1,4,1954,3,2,4,4,2
1,2,2,1964,1,1,4,4,1
1,4,2,1952,3,2,4,3,2
1,3,4,1965,2,1,3,3,1
1,4,3,1963,3,2,4,3,2
3,3,6,1982,4,3,3,3,1
1,3,3,1959,2,2,4,3,2
1,1,2,1980,2,3,4,3,1
,4,5,1966,3,2,4,2,1
1,2,2,1956,1,2,4,3,2
2,2,4,1980,2,1,3,3,2
1,3,3,1954,2,3,4,3,2
1,2,2,1967,1,3,3,2,1
1,3,4,1968,3,2,4,3,1
1,1,5,1984,2,1,3,3,2
1,4,2,1947,3,2,4,4,1
1,2,3,1937,3,3,4,2,1
2,1,3,1963,2,1,2,1,2
1,4,4,1947,3,2,4,4,1
1,3,5,1984,2,2,4,2,1
2,4,3,1959,2,1,,4,1
1,1,2,1989,1,1,4,4,1
1,4,5,1961,3,2,4,1,1
1,4,4,1963,3,3,4,4,1
1,1,6,1954,2,1,4,2,1
1,4,6,1945,3,2,4,4,2
1,3,4,1958,2,1,3,2,2
1,4,2,1948,2,3,4,4,2
1,2,4,1964,3,2,4,4,1
1,3,5,1972,2,2,3,1,2
1,4,3,1949,3,1,4,3,1
1,2,5,1946,3,3,4,4,2
1,4,2,1937,2,,3,1,1
1,3,4,1955,3,2,4,3,1
1,4,2,1944,3,2,4,1,1
1,1,2,1954,3,2,4,3,1
1,1,5,1949,3,2,4,4,1
1,4,5,1960,2,2,4,2,2
1,3,2,1939,3,2,4,3,1
1,1,3,1950,3,1,4,2,2
2,4,2,1961,2,2,4,4,1
1,1,5,1971,3,3,4,4,2
2,2,5,1959,3,1,3,3,1
1,4,4,1964,3,2,4,2,2
1,4,4,1960,2,2,4,1,2
1,4,6,1965,3,2,4,4,2
1,3,2,1971,2,1,3,1,2
1,1,2,1976,2,1,4,3,2
1,1,3,1964,3,2,4,4,2
1,3,2,1932,3,2,4,2,2
1,3,5,1959,3,2,4,2,2
1,3,5,1960,3,2,4,3,1
1,3,2,1954,2,2,3,3,1
1,4,2,1955,2,1,4,3,2
1,2,2,1975,2,3,4,3,2
1,3,5,1969,3,2,4,1,2
1,4,2,1961,2,2,3,1,1
1,1,6,1982,3,1,4,3,1
1,4,5,1960,3,3,4,4,2
1,1,3,1958,3,2,4,4,1
,,3,1955,2,2,,3,1
1,4,1,1958,1,3,4,1,1
1,1,2,1946,2,2,3,4,2
1,4,3,1961,2,1,3,4,1
1,4,5,1950,3,2,4,1,2
1,3,2,1940,2,1,4,4,1
1,3,6,1958,3,2,4,2,2
1,4,3,1962,3,2,3,2,1
1,3,3,1936,2,1,4,2,1
1,3,4,1935,3,3,3,3,2
1,4,4,1964,3,2,4,3,2
1,4,5,1960,4,3,3,1,2
1,4,4,1951,3,2,4,1,2
1,3,5,1948,3,2,4,4,1
1,4,3,1948,3,3,4,1,1
1,2,4,1957,3,1,3,4,2
1,3,3,1948,2,1,3,3,2
2,4,2,1961,1,2,3,3,2
1,3,2,1964,2,3,3,2,1
1,1,5,1942,3,1,4,3,1
2,3,5,1952,3,1,3,1,2
1,3,4,1969,2,1,3,2,2
1,4,4,1962,2,1,2,2,1
1,2,3,1993,1,3,3,3,1
1,2,5,1987,1,2,3,4,1
1,3,1,1927,2,2,4,4,1
1,4,2,1974,2,1,3,2,1
1,4,3,1960,3,2,4,1,1
1,4,3,1963,2,1,3,4,2
1,4,3,1966,3,2,4,1,2
1,3,5,1983,1,3,3,2,1
1,4,2,1962,2,2,4,4,1
1,2,5,1946,3,1,4,4,2
1,4,6,1935,3,2,4,4,2
1,3,6,1946,2,1,4,3,1
2,2,3,1965,2,2,3,3,1
1,4,5,1950,2,2,3,1,1
1,3,2,1945,3,2,4,4,2
1,3,6,1975,3,3,4,3,1
1,2,3,1944,3,2,4,4,1
1,4,5,1954,3,2,4,4,2
1,1,3,1965,3,1,3,4,2
1,4,5,1964,3,2,4,4,1
1,3,3,1949,3,2,4,3,2
1,1,2,1969,2,1,4,4,1
1,2,6,1956,3,1,3,1,2
1,1,5,1961,2,1,3,4,1
2,1,2,1966,2,1,3,1,1
1,1,2,1958,2,1,4,3,2
2,2,5,1969,3,1,3,3,1
1,4,1,1987,1,2,4,4,1
2,2,2,1949,1,3,3,3,1
2,2,4,1971,2,1,3,3,1
1,1,3,1976,3,1,4,4,2
1,3,4,1964,1,3,4,2,1
1,4,5,1963,2,2,4,1,2
1,4,4,1958,2,2,4,3,2
5,5,2,1944,3,1,5,5,1
1,1,4,1942,2,,4,4,1
1,2,5,1973,3,3,4,3,1
1,4,2,1965,3,2,4,1,1
1,1,3,1985,3,1,4,4,2
1,4,4,1961,2,1,4,1,2
1,4,2,1960,3,1,4,3,2
1,3,5,1951,3,2,4,2,1
2,4,2,1985,2,2,3,2,2
1,1,2,1950,3,1,4,3,2
1,2,3,1951,3,1,3,3,1
1,2,3,1959,3,1,3,2,2
2,2,2,1961,3,3,3,4,1
1,2,6,1956,3,1,3,2,2
1,4,6,1952,2,1,1,1,2
3,4,2,1974,1,3,2,4,2
1,4,3,1967,2,2,3,2,2
1,2,1,1952,3,1,4,2,2
1,4,2,1943,3,2,4,4,2
1,1,5,1979,2,3,4,4,1
,,2,1962,3,2,,1,2
1,4,2,1990,3,2,4,3,1
1,4,3,1975,3,3,4,2,2
1,4,3,1971,2,1,1,1,2
1,1,3,1947,3,2,4,3,1
1,1,3,1979,3,1,4,4,2
1,3,4,1950,3,2,4,3,1
1,4,1,1948,3,1,3,4,1
1,4,2,1950,3,2,3,4,1
1,4,2,1946,2,2,4,2,2
1,3,5,1964,3,1,3,4,1
1,4,6,1954,3,2,4,1,2
1,4,5,1988,3,1,4,4,2
1,2,6,1980,3,3,4,3,2
1,3,4,1969,2,3,4,2,1
1,3,6,1947,3,2,4,3,1
1,2,2,1961,2,2,3,2,2
1,4,2,1990,1,3,3,4,2
1,4,2,1972,2,1,4,2,1
2,4,4,1946,2,2,3,2,2
1,2,2,1962,3,3,3,4,2
2,4,4,1959,2,1,3,1,1
1,1,3,1952,2,2,4,1,1
1,,1,1932,3,2,4,4,1
1,4,6,1965,3,1,4,1,1
2,3,3,1934,3,1,3,2,1
1,4,3,1956,3,3,3,1,1
1,1,2,1942,3,1,1,1,2
1,2,3,1988,2,3,3,3,1
1,2,3,1955,3,2,4,2,1
1,4,3,1954,2,2,4,4,2
1,1,6,1974,2,1,3,3,1
1,3,3,1960,2,1,4,1,2
1,4,3,1945,3,2,4,3,2
1,2,3,1956,2,1,4,3,1
1,3,5,1956,2,1,3,2,1
1,2,4,1947,3,2,4,3,1
2,3,6,1949,3,1,2,4,1
1,1,5,1960,2,1,4,2,1
1,1,6,1988,3,1,4,1,2
1,4,4,1932,3,2,4,4,1
1,1,3,1965,3,3,4,3,2
1,4,6,1970,3,2,4,3,2
1,2,3,1980,2,1,4,4,2
2,2,3,1971,2,1,2,3,1
1,,5,1949,3,3,4,1,2
1,4,2,1962,3,2,4,4,1
1,1,2,1982,3,1,2,4,2
1,3,5,1966,3,2,4,2,2
1,3,3,1959,3,2,4,4,1
1,1,3,1972,2,3,3,1,1
1,4,3,1959,3,2,4,4,1
1,2,5,1961,3,2,4,2,1
1,3,3,1952,3,3,4,3,1
2,1,3,1979,3,1,4,2,1
1,1,5,1972,3,3,4,4,1
1,3,6,1968,3,1,4,4,2
1,1,2,1948,1,1,4,4,1
4,1,2,1949,3,1,1,1,1
1,2,3,1958,2,1,4,3,1
1,4,3,1951,3,2,4,3,1
1,1,4,1955,3,1,3,4,1
1,4,2,1957,3,2,4,2,2
1,2,4,1965,3,3,4,2,1
2,4,2,1961,3,2,4,4,1
1,4,2,1954,3,1,2,1,2
1,4,6,1962,3,3,4,4,2
1,2,6,1933,3,1,2,3,1
1,4,3,1952,3,2,4,1,2
1,4,4,1956,3,2,4,4,2
1,3,2,1954,1,1,3,2,1
2,4,5,1985,3,3,4,1,1
1,1,6,1983,2,1,3,4,2
1,3,3,1941,3,2,4,2,2
1,2,3,1993,3,1,3,2,2
1,4,4,1964,2,2,4,4,2
1,2,3,1956,3,2,4,2,1
2,3,2,1951,2,1,3,2,1
1,4,4,1925,3,2,4,3,1
1,4,2,1969,2,2,4,2,1
1,4,3,1948,3,2,4,4,2
1,3,2,1953,3,1,4,4,2
2,4,3,1945,3,1,2,1,2
1,2,4,1965,2,1,3,2,2
1,2,2,1955,2,1,3,3,2
1,1,6,1962,3,1,3,4,2
1,1,3,1967,2,3,4,4,1
2,3,3,1966,1,2,3,2,1
1,3,3,1947,2,2,4,3,2
2,4,2,1948,1,2,3,3,2
1,4,3,1951,2,1,3,1,2
1,2,3,1955,3,1,3,1,1
1,3,5,1981,1,3,4,2,1
2,3,4,1959,2,3,3,2,1
2,4,5,1928,3,2,4,2,1
1,4,6,1978,2,1,4,1,2
1,4,2,1954,3,1,4,1,1
1,1,4,1960,3,1,4,4,2
1,4,5,1964,3,2,4,3,1
1,4,2,1940,2,2,4,4,2
1,1,6,1977,3,1,3,1,1
,4,3,1942,2,,2,1,1
1,2,5,1985,3,1,3,3,2
1,1,5,1948,3,1,4,4,1
1,2,5,1959,3,1,4,3,2
1,1,2,1977,3,1,4,4,1
1,4,3,1939,3,2,4,3,2
1,3,2,1935,3,2,4,4,2
3,3,3,1959,1,1,2,1,2
1,4,3,1960,3,2,4,1,2
1,1,2,1938,3,2,4,3,1
1,2,4,1958,2,3,4,2,2
1,2,3,1961,2,1,4,2,2
1,4,5,1954,2,2,4,4,2
1,4,2,1963,3,2,4,4,1
1,1,4,1949,3,1,2,1,1
1,4,2,1964,3,2,4,4,1
1,2,6,1971,2,2,3,3,1
1,1,3,1952,3,1,4,4,2
1,4,2,1942,3,1,4,1,2
5,5,3,1970,3,1,5,5,1
1,4,4,1976,3,1,4,3,2
2,2,2,1951,3,1,2,2,1
1,4,5,1965,3,2,4,3,2
,,2,1962,3,2,4,4,2
1,4,4,1960,2,3,4,3,2
1,1,3,1969,2,3,4,4,1
1,4,4,1976,2,,4,3,2
1,4,5,1958,3,2,4,4,2
1,2,2,1958,3,1,2,4,2
1,1,2,1960,2,1,4,3,2
1,3,4,1954,3,2,4,2,2
1,4,3,1956,3,2,4,3,2
1,2,6,1963,2,1,2,3,1
1,3,5,1951,3,2,4,2,2
1,1,5,1934,3,1,4,4,1
1,4,3,1966,3,3,4,2,1
1,3,2,1947,3,2,3,1,1
1,1,5,1956,1,2,4,4,1
2,1,5,1951,2,1,4,2,2
1,3,5,1950,2,2,4,2,1
1,1,6,1938,3,2,4,4,1
3,4,2,1970,1,2,2,1,2
1,4,2,1947,2,1,4,1,2
1,1,5,1941,3,1,3,4,2
1,3,2,1930,3,2,4,3,1
1,4,1,1955,2,2,4,4,2
1,1,2,1946,2,1,3,3,1
1,1,2,1933,3,2,4,4,1
1,3,1,1987,1,2,4,2,1
1,4,3,1941,1,1,4,2,2
1,4,2,1967,3,1,4,1,2
,,5,1959,3,3,3,,2
1,2,2,1952,1,1,4,3,2
1,4,2,1953,2,3,3,2,2
1,4,3,1955,3,1,1,1,1
1,3,6,1985,2,1,4,3,2
1,2,2,1940,2,1,4,3,2
1,2,2,1948,3,2,4,3,2
2,4,5,1984,2,2,4,3,2
1,2,2,1945,3,3,4,1,2
1,4,6,1936,3,2,4,4,2
1,4,2,1949,3,2,4,4,2
1,3,6,1964,2,2,4,3,1
1,4,3,1983,3,2,4,2,2
1,4,3,1980,3,2,4,1,2
1,2,4,1957,2,1,3,3,1
1,1,3,1947,3,3,4,4,1
1,4,4,1956,3,2,4,3,2
1,3,5,1963,3,2,4,4,2
1,2,2,1960,2,2,3,4,1
1,2,5,1982,3,2,4,4,2
1,2,3,1960,3,1,4,4,2
1,3,3,1954,2,1,4,1,2
1,3,5,1950,2,3,4,1,2
1,2,6,1973,3,1,2,1,1
1,3,3,1931,3,2,4,4,1
1,4,5,1955,3,2,4,4,2
1,4,1,1950,3,2,4,4,1
1,2,3,1985,3,3,2,4,2
1,2,3,1946,3,1,4,3,2
1,3,5,1964,3,1,4,2,2
1,1,3,1965,3,3,4,1,2
4,4,2,1954,1,1,1,1,1
1,1,3,1958,2,2,4,4,2
1,3,5,1947,3,1,3,2,1
1,2,2,1957,3,2,4,4,1
1,2,3,1991,2,2,4,4,1
,3,5,1960,2,2,,2,1
1,3,5,1953,3,2,4,2,2
1,1,5,1958,3,2,4,4,1
1,1,2,1957,3,1,4,2,1
1,2,5,1971,3,3,4,2,2
1,2,3,1969,2,2,4,2,2
1,2,3,1939,3,1,4,4,1
1,4,6,1949,3,2,4,2,1
1,4,5,1948,2,1,3,4,2
1,,4,1974,3,3,,4,2
1,4,5,1960,3,2,4,3,1
1,3,4,1952,3,1,4,2,2
1,4,5,1981,1,3,2,2,2
1,3,1,1951,2,1,4,2,1
1,1,3,1971,3,3,4,4,2
1,2,2,1945,3,2,4,3,2
2,1,2,1940,3,1,2,4,2
1,1,6,1970,3,1,1,1,1
1,3,2,1938,3,1,3,3,1
1,2,2,1944,3,2,4,3,2
1,3,4,1950,1,3,4,3,2
1,3,5,1959,3,3,4,1,2
1,4,2,1962,3,1,3,2,2
1,2,4,1986,2,1,3,3,2
2,2,2,1969,1,3,1,1,1
1,2,3,1989,3,1,3,2,1
1,2,3,1973,3,1,4,1,2
1,1,3,1992,2,2,,3,1
2,2,6,1965,2,1,3,1,1
1,2,3,1987,3,1,1,1,1
1,1,2,1941,2,2,4,4,1
1,4,4,1954,3,2,4,3,1
1,2,3,1950,1,1,3,3,2
1,4,2,1962,3,2,4,4,1
1,2,2,1952,2,1,3,3,1
1,3,6,1965,3,2,4,2,1
2,2,5,1950,3,1,3,3,2
1,4,3,1952,2,1,4,2,1
1,3,3,1962,1,3,3,2,1
1,4,6,1933,3,2,4,3,2
1,4,6,1950,3,2,4,1,2
1,3,3,1952,2,2,3,3,1
2,3,3,1943,3,1,3,2,2
1,2,2,1965,3,1,3,3,1
1,1,3,1972,3,3,3,4,1
1,4,2,1944,3,1,2,1,2
3,1,1,1994,2,3,3,3,1
2,2,2,1951,3,,4,2,2
1,3,6,1986,2,3,4,3,2
1,1,4,1969,3,1,4,4,1
1,2,1,1958,3,2,4,3,1
1,4,2,1960,3,2,4,1,2
1,4,3,1953,,1,4,4,2
1,1,5,1961,3,1,3,1,1
1,3,3,1949,3,2,4,3,2
1,4,5,1943,3,3,4,2,1
1,1,5,1980,3,1,3,2,2
1,3,3,1952,3,2,4,2,2
1,1,2,1945,3,2,4,4,1
1,3,3,1945,3,2,4,4,2
1,3,2,1947,2,2,4,4,1
1,1,3,1974,3,1,4,4,1
1,3,3,1933,3,1,3,2,1
1,3,2,1948,3,2,4,3,1
2,3,6,1935,3,2,4,4,1
1,4,3,1957,2,1,4,1,2
1,3,2,1950,2,1,3,2,2
1,3,2,1942,3,2,4,3,2
1,2,5,1967,2,1,4,4,2
1,3,6,1944,3,2,4,3,2
1,1,2,1953,2,3,4,4,2
1,3,2,1963,3,2,4,3,2
1,4,4,1945,3,2,4,2,2
1,2,5,1933,3,1,,,2
1,4,2,1959,3,1,4,4,1
1,3,2,1962,3,2,4,4,1
2,2,5,1960,3,3,3,1,2
1,4,2,1959,3,2,4,2,1
1,2,5,1966,,3,4,3,1
1,4,3,1937,3,2,4,1,2
1,3,5,1976,1,1,3,3,2
1,3,5,1980,1,1,4,2,1
1,4,3,1965,2,2,3,4,1
1,1,2,1969,2,3,4,3,2
1,1,2,1942,3,1,4,4,2
1,3,2,1943,2,1,3,3,2
1,4,2,1956,3,3,4,1,1
1,2,3,1954,3,3,1,2,2
5,5,2,1943,3,2,5,5,1
1,3,6,1950,3,2,4,3,2
2,4,3,1973,2,2,3,1,1
1,4,2,1957,2,2,3,3,1
1,3,4,1957,3,1,4,4,1
2,2,1,1968,3,1,3,3,1
1,2,5,1956,2,2,4,2,2
1,3,2,1929,3,2,4,2,2
1,1,4,1988,2,2,4,4,2
,4,5,1963,3,2,4,4,1
1,3,3,1992,3,1,1,2,2
1,2,5,1977,3,1,4,3,1
1,1,3,1949,3,1,2,4,2
1,1,2,1970,3,1,4,3,1
1,2,2,1961,3,1,4,4,2
1,2,2,1968,3,2,4,3,1
2,2,6,1950,2,1,3,1,2
1,4,6,1960,3,3,4,1,1
2,1,4,1964,3,1,2,2,2
1,3,3,1955,3,2,4,3,2
1,1,3,1962,3,1,4,2,2
1,,2,1969,3,3,4,,2
1,1,5,1982,3,1,3,4,1
1,2,5,1945,3,2,4,2,1
2,2,2,1975,3,1,3,2,1
1,1,3,1952,3,1,4,4,2
1,2,3,1968,3,1,3,3,1
1,1,6,1960,3,1,4,1,2
1,2,2,1964,3,1,3,4,1
5,5,5,1975,3,2,5,5,1
1,1,3,1973,2,1,4,4,2
1,1,6,1930,3,2,4,4,2
1,3,2,1980,3,1,4,2,1
2,2,6,1954,3,1,3,4,1
1,2,2,1949,3,2,4,3,2
1,,2,1941,3,2,4,,2
1,3,4,1963,3,2,4,2,1
1,4,4,1950,3,2,4,2,2
1,2,6,1980,2,1,3,3,1
1,3,3,1963,3,2,4,2,1
1,3,6,1947,3,1,3,2,1
1,3,2,1931,2,1,3,4,1
1,4,6,1938,2,2,4,2,2
1,3,2,1948,3,2,4,2,2
1,4,3,1960,2,3,4,1,2
1,4,2,1948,2,2,4,1,2
1,,4,1956,3,2,,1,2
1,3,2,1931,2,2,4,4,1
1,4,,1940,3,2,4,2,1
1,1,4,1976,3,1,3,3,1
1,4,6,1954,3,2,4,2,1
1,3,4,1949,3,1,3,2,1
1,4,4,1941,3,2,4,4,2
1,4,3,1949,3,2,4,4,1
1,2,2,1947,2,1,4,4,1
1,1,2,1942,3,3,4,2,1
1,4,5,1974,2,2,4,4,1
1,4,3,1928,3,2,4,3,1
1,4,5,1955,3,1,3,1,2
,2,4,1964,3,2,,3,1
1,4,4,1950,2,1,4,1,1
1,2,3,1961,2,1,4,3,1
1,3,4,1955,3,2,4,2,1
1,2,3,1943,3,2,3,3,1
1,3,5,1962,2,2,4,2,1
1,4,2,1950,2,1,3,2,2
1,2,6,1946,3,1,3,4,2
1,4,2,1965,1,1,4,2,1
1,1,2,1941,2,1,4,4,2
1,4,2,1950,3,2,4,1,1
1,1,3,1992,2,1,3,4,1
1,4,3,1954,3,2,4,2,1
1,2,2,1956,2,1,4,3,2
1,3,3,1954,3,2,4,2,2
1,3,6,1940,3,1,3,4,2
1,4,3,1958,2,1,4,1,1
1,2,5,1961,3,2,4,4,2
1,1,6,1973,2,1,3,2,2
1,4,3,1960,3,2,4,2,1
2,1,2,1945,2,1,4,1,1
2,2,2,1992,2,2,4,3,2
,2,6,1946,3,1,4,,2
1,4,6,1958,3,3,4,1,2
1,4,2,1949,3,2,4,2,2
1,3,4,1942,3,3,4,2,2
2,3,5,1947,3,2,2,1,1
1,2,6,1960,2,1,4,3,2
2,1,3,1954,3,1,2,3,1
1,3,2,1941,3,2,4,3,2
1,4,4,1936,3,2,4,4,2
1,4,1,1960,1,1,3,2,2
1,3,5,1968,3,2,3,2,1
,,5,1942,3,2,4,,2
1,4,5,1952,3,2,4,4,1
1,2,2,1967,2,1,3,4,1
1,4,5,1970,3,2,4,4,1
1,4,5,1964,3,2,4,1,1
1,3,3,1952,3,2,4,1,2
1,2,2,1968,2,3,4,1,2
1,4,4,1963,3,3,4,1,2
1,3,2,1955,2,1,2,2,2
1,4,5,1957,3,2,4,3,1
1,4,2,1963,3,2,4,2,2
1,2,5,1949,3,3,4,3,2
1,2,3,1962,3,1,3,3,2
1,2,6,1936,2,1,3,3,1
1,3,2,1942,3,2,4,4,1
,,2,1928,2,1,3,2,2
1,2,3,1953,2,2,4,3,2
2,4,5,1954,3,3,4,1,2
1,3,6,1987,3,2,4,2,2
,,3,1959,3,1,4,3,2
2,3,5,1976,2,3,4,4,2
1,2,2,1959,3,1,4,2,1
1,4,5,1964,3,2,4,4,1
1,1,6,1947,3,3,2,1,1
1,3,1,1955,3,2,3,3,1
1,3,5,1949,2,2,4,3,2
1,4,2,1965,2,1,4,1,1
1,4,2,1958,2,1,3,3,2
1,2,3,1972,2,2,4,4,1
1,3,3,1955,3,3,4,3,2
1,2,2,1945,2,2,4,3,2
2,1,3,1991,1,3,3,2,2
1,2,5,1956,2,1,3,4,1
1,1,3,1944,3,1,4,4,2
1,1,2,1931,3,1,4,4,2
2,1,2,1958,2,1,3,4,1
1,2,6,1981,2,1,4,3,1
1,4,1,1958,3,1,3,3,1
1,4,6,1966,3,2,4,2,1
1,2,3,1942,3,1,4,3,2
2,4,3,1952,2,3,4,1,2
2,4,6,1965,3,3,4,1,2
1,3,5,1963,3,2,4,2,1
1,3,2,1939,2,1,4,2,2
1,4,2,1955,3,2,4,4,1
2,2,6,1988,1,3,3,2,1
1,2,2,1956,3,1,4,3,2
1,3,2,1941,3,3,4,2,1
1,4,2,1962,3,2,4,4,1
1,2,3,1946,3,1,4,2,1
2,4,2,1983,1,1,3,2,1
1,4,2,1961,3,1,3,1,2
1,1,4,1957,3,1,3,1,1
1,2,2,1956,3,2,3,4,1
1,1,5,1965,3,2,4,4,1
1,1,5,1940,3,,3,4,1
1,3,5,1974,2,2,4,2,2
1,1,3,1990,3,2,4,4,1
1,2,4,1960,1,1,3,3,1
1,4,3,1978,3,2,4,4,1
1,4,4,1950,3,1,4,,2
1,2,4,1960,2,1,3,3,1
1,3,5,1963,3,,3,1,2
1,4,4,1962,2,1,4,1,1
1,1,2,1987,2,3,4,4,2
1,1,3,1943,3,1,4,4,2
1,2,3,1956,3,1,4,3,1
1,1,3,1987,3,1,1,1,2
1,3,3,1953,2,1,3,2,1
1,2,3,1957,2,1,1,3,2
1,2,5,1966,2,1,2,3,2
1,3,4,1948,3,2,4,4,2
1,2,3,1950,3,3,4,3,2
1,4,2,1936,2,1,3,1,2
1,2,5,1983,2,1,4,3,2
1,4,4,1968,3,3,2,1,1
1,3,4,1980,2,1,4,2,2
1,3,3,1970,2,3,4,4,1
1,4,3,1947,3,1,3,1,2
1,4,3,1958,3,2,4,1,2
3,2,5,1952,3,2,2,4,1
1,1,3,1960,2,1,4,3,2
1,4,4,1962,3,2,4,2,1
1,4,3,1989,2,3,4,2,1
1,1,5,1972,3,1,3,1,2
1,4,6,1963,2,2,3,1,2
1,1,5,1964,3,1,4,3,2
1,2,1,1963,3,3,,4,1
1,1,5,1956,3,1,3,4,2
1,4,5,1948,3,3,4,4,2
1,2,4,1957,2,1,4,4,2
1,3,4,1948,3,1,3,3,2
3,3,2,1984,2,1,2,2,1
1,4,4,1958,2,1,4,2,1
1,3,4,1952,2,1,2,1,2
1,4,2,1966,3,1,4,4,2
1,2,6,1964,3,3,4,4,2
1,4,6,1953,3,2,4,4,2
1,4,2,1954,3,1,4,4,1
1,3,4,1957,2,1,4,4,2
1,4,2,1944,3,1,4,4,2
1,1,4,1977,3,2,4,4,2
1,4,2,1964,1,1,1,1,2
1,2,6,1931,3,1,3,3,2
1,2,2,1958,2,1,4,3,2
2,2,1,1964,4,1,3,4,1
1,4,4,1955,3,2,4,4,2
1,4,6,1957,3,2,4,2,2
1,3,2,1955,2,2,4,4,2
1,4,5,1951,3,2,4,3,2
1,4,3,1965,3,2,4,4,1
1,4,1,1986,2,2,4,4,1
1,3,4,1961,3,2,4,3,2
1,3,6,1983,3,2,4,4,2
1,1,3,1955,2,1,4,4,1
1,3,2,1947,2,1,4,1,2
1,3,3,1951,2,1,4,2,1
1,3,2,1990,2,2,4,4,2
1,4,6,1944,3,2,4,3,2
1,2,6,1953,3,1,3,4,2
1,3,2,1940,2,2,4,2,2
1,4,5,1968,2,,4,4,1
1,2,5,1978,3,1,3,4,1
1,4,5,1958,3,2,4,4,2
2,2,6,1958,3,1,3,4,1
1,2,2,1959,3,1,2,1,1
1,2,6,1960,3,1,2,4,2
1,3,5,1963,3,2,4,3,2
2,4,5,1952,3,3,2,1,1
1,3,3,1951,3,3,4,4,1
1,4,1,1994,3,2,4,2,2
1,2,1,1942,3,2,4,3,2
1,3,4,1969,2,3,4,1,2
1,3,3,1960,3,2,3,2,2
1,3,2,1947,3,2,4,1,2
2,1,2,1946,1,1,3,4,2
1,1,3,1963,3,1,3,3,1
1,4,2,1988,2,1,4,2,2
1,2,3,1989,3,1,2,3,1
1,3,3,1967,3,2,4,4,2
1,3,2,1961,3,2,4,2,1
1,1,5,1963,3,1,4,3,1
2,3,5,1990,2,1,3,4,1
1,2,1,1994,2,1,4,4,2
1,4,3,1953,2,1,4,1,1
2,4,5,1964,3,2,4,3,2
1,3,5,1949,3,2,4,2,1
1,3,6,1957,2,1,4,4,2
1,3,3,1961,2,3,4,3,2
1,1,6,1974,3,1,2,2,2
1,4,2,1955,2,1,2,4,1
1,3,3,1970,3,2,4,2,1
1,1,4,1954,3,2,4,1,2
1,4,2,1962,2,1,4,3,2
1,3,5,1942,3,2,4,3,2
1,4,3,1960,2,2,4,4,1
1,1,3,1963,3,2,3,3,2
1,1,3,1962,3,1,4,3,1
1,4,4,1964,3,2,4,3,2
2,2,3,1959,4,3,3,3,1
1,1,1,1961,2,2,4,4,1
1,1,6,1964,3,1,1,4,2
1,4,2,1940,3,2,4,2,2
1,1,2,1943,3,2,4,3,2
1,4,2,1939,3,1,4,2,2
1,2,6,1946,2,1,4,3,1
1,4,2,1949,3,3,4,1,2
1,1,3,1942,3,1,3,3,1
2,1,3,1944,3,1,4,3,1
2,1,2,1951,3,1,2,4,1
1,2,3,1948,3,1,4,4,1
1,3,4,1948,2,1,4,3,2
1,2,5,1965,2,1,4,4,1
1,2,3,1945,3,1,3,1,1
1,2,3,1941,3,2,4,4,2
1,4,3,1959,3,3,4,1,1
1,4,2,1986,1,2,4,4,1
1,1,2,1964,2,3,1,4,1
1,1,6,1955,3,1,3,4,1
1,3,3,1948,3,2,4,2,2
1,1,3,1956,3,1,3,4,1
1,3,5,1952,3,1,2,3,1
1,3,5,1941,3,1,4,4,1
1,3,6,1959,3,2,4,2,2
1,4,2,1974,3,1,3,3,2
1,2,3,1944,3,1,1,3,2
1,2,3,1965,3,1,1,2,2
1,2,6,1981,3,3,2,3,2
2,3,2,1977,4,3,3,2,2
1,2,2,1941,3,1,3,3,1
1,4,2,1963,3,2,4,2,2
1,1,6,1978,3,1,3,3,2
1,2,2,1956,3,2,4,4,2
1,3,5,1949,3,1,2,3,1
1,4,4,1991,3,2,4,4,2
1,3,3,1952,3,2,4,4,2
1,2,6,1941,3,2,4,3,1
1,1,5,1948,2,,4,1,2
1,3,4,1955,3,2,4,4,2
1,4,4,1964,2,1,4,2,2
2,3,3,1990,1,2,2,3,1
1,4,5,1945,3,2,4,4,1
1,1,5,1968,3,1,3,4,1
2,1,5,1966,3,1,3,1,1
1,2,3,1955,3,1,3,4,1
1,2,6,1960,3,1,3,3,1
2,1,3,1947,2,1,3,4,1
2,3,3,1936,3,3,3,1,1
1,4,1,1947,1,1,4,2,1
1,4,2,1955,2,1,2,2,2
1,2,2,1935,3,2,4,3,2
1,3,3,1968,2,3,4,4,2
2,4,3,1937,1,,3,2,2
1,1,6,1967,3,1,2,3,1
1,2,2,1948,3,2,4,3,1
1,1,6,1943,3,1,2,4,1
1,1,2,1955,3,1,4,2,2
1,2,3,1950,3,1,4,4,2
1,4,6,1965,3,2,3,2,1
1,2,6,1963,2,1,3,3,2
1,3,3,1943,3,2,4,4,2
1,4,3,1929,2,1,3,2,1
1,3,5,1964,2,1,4,2,2
1,2,2,1941,3,1,4,1,2
3,1,2,1969,3,1,3,4,2
1,3,2,1953,2,2,4,4,1
1,4,3,1951,3,3,2,1,1
1,2,5,1956,3,1,3,3,2
1,2,3,1934,3,1,4,4,1
1,1,4,1971,3,1,2,1,2
1,2,5,1953,3,3,3,2,2
1,1,6,1969,3,1,4,4,2
1,4,3,1967,2,2,3,2,2
1,4,2,1934,3,2,4,3,2
1,2,6,1957,3,2,4,2,1
1,3,5,1953,3,2,4,3,2
1,3,5,1961,3,2,4,3,2
1,4,3,1961,3,2,4,3,1
1,2,2,1947,1,1,4,3,2
1,1,3,1984,3,1,2,2,2
1,4,3,1950,3,1,4,4,1
1,2,3,1982,3,1,4,3,2
5,5,6,1946,3,1,5,5,1
1,2,2,1943,3,1,4,2,2
1,2,3,1955,2,1,4,1,2
1,4,4,1986,3,1,3,4,1
1,1,3,1967,3,2,1,3,2
2,3,3,1929,3,1,4,2,2
2,2,2,1967,2,3,3,3,2
1,,2,1939,,1,4,4,2
1,2,4,1939,3,1,3,1,1
2,3,2,1970,3,1,3,1,2
1,4,2,1964,3,,4,2,2
1,4,3,1962,3,3,4,1,2
1,4,2,1957,3,3,4,4,1
1,4,4,1961,3,2,4,3,2
1,3,3,1960,2,2,3,3,2
1,1,2,1981,3,1,2,4,1
1,2,6,1933,2,2,4,1,2
1,3,2,1951,3,1,4,4,1
1,4,2,1951,2,1,4,4,1
1,3,5,1950,2,2,3,2,1
1,3,2,1954,2,1,3,3,1
1,1,2,1959,2,1,4,2,1
1,4,2,1962,3,3,4,1,1
1,2,2,1956,3,2,3,3,1
1,4,2,1947,3,2,4,3,2
1,,1,1946,3,1,4,3,2
1,1,4,1979,3,1,3,2,1
1,2,2,1959,2,1,4,3,2
5,5,4,1959,2,3,5,5,1
1,1,3,1943,2,1,,4,2
1,2,3,1955,2,2,4,4,2
1,4,2,1934,2,2,4,1,1
1,1,3,1953,1,2,4,4,2
1,1,5,1961,3,1,3,4,2
1,1,4,1936,2,1,4,4,1
1,1,2,1960,3,1,2,4,1
1,2,3,1958,3,1,4,1,2
1,4,3,1959,3,1,4,3,1
3,4,3,1983,4,3,1,1,1
1,1,4,1954,3,1,3,1,2
1,1,2,1973,2,3,4,4,2
1,3,5,1964,2,1,,,2
1,4,5,1951,2,3,3,2,1
1,3,2,1965,2,3,4,1,2
1,2,3,1991,2,3,4,2,2
1,2,3,1965,3,1,3,3,1
1,3,2,1956,2,1,4,2,1
1,4,6,1940,2,2,3,1,1
2,2,3,1961,1,3,3,3,1
1,2,3,1952,3,1,4,3,1
1,1,2,1945,3,1,,4,2
2,1,3,1992,3,2,4,3,2
1,2,3,1987,3,1,3,1,2
2,4,2,1937,2,2,3,1,2
1,2,5,1929,2,1,3,3,2
1,4,3,1964,3,2,4,3,1
1,3,3,1962,3,3,4,1,1
2,3,3,1966,2,1,3,2,1
1,1,5,1967,3,1,3,3,1
1,1,2,1947,3,3,4,4,2
1,4,5,1967,3,2,4,1,2
1,2,2,1954,2,1,4,3,1
1,1,5,1985,2,1,2,4,2
1,2,2,1960,2,1,3,3,2
1,4,2,1966,3,2,4,4,1
,2,5,1959,2,1,3,,2
1,1,5,1987,3,1,3,2,2
1,1,5,1960,3,1,4,2,2
1,4,2,1963,2,2,4,3,2
1,4,6,1950,2,1,4,3,2
1,4,2,1937,2,2,4,1,1
1,1,5,1960,3,1,4,1,2
1,3,5,1956,3,1,4,2,1
2,4,6,1953,2,2,3,4,2
1,3,5,1951,3,1,3,2,1
1,4,5,1959,3,2,4,2,1
1,2,3,1955,3,1,4,4,2
1,3,3,1965,2,2,4,1,2
1,3,3,1957,3,1,4,4,1
2,1,2,1943,3,1,1,1,2
1,4,2,1950,3,2,4,1,1
1,4,2,1970,3,1,3,4,1
1,4,3,1965,3,2,4,4,1
1,2,5,1962,2,1,4,2,2
2,4,3,1960,3,1,3,4,2
1,4,5,1943,2,2,4,3,2
1,1,3,1945,3,1,2,3,1
1,4,2,1960,3,2,4,2,2
1,3,3,1939,3,1,4,3,2
2,4,5,1984,2,1,4,4,2
1,3,3,1954,2,3,4,3,1
1,4,5,1969,3,3,4,3,1
1,3,2,1936,3,2,4,3,2
1,2,5,1947,2,3,3,2,2
1,4,4,1968,3,2,4,1,2
1,3,3,1976,3,1,2,2,2
1,1,6,1948,3,2,4,4,2
1,2,3,1945,3,1,4,4,2
1,3,5,1965,2,1,3,2,2
2,1,5,1966,3,1,1,4,1
1,4,3,1955,3,2,4,1,1
1,4,5,1945,2,2,4,1,1
2,1,3,1984,1,1,2,2,1
1,1,3,1957,2,1,4,3,2
2,1,2,1953,3,1,3,3,1
1,2,3,1960,3,3,4,2,2
1,2,3,1958,3,1,4,2,1
1,4,2,1962,3,1,4,2,2
1,1,3,1972,3,1,4,4,1
1,3,3,1963,3,2,4,2,2
1,2,2,1937,3,2,4,4,1
1,3,3,1953,3,1,4,2,2
1,2,2,1940,1,3,3,3,2
1,4,2,1947,3,2,3,2,2
5,5,5,1976,3,2,5,5,1
1,4,2,1965,3,1,4,4,2
1,1,3,1971,3,2,4,4,2
1,1,5,1978,2,3,4,4,2
1,2,2,1948,3,2,4,4,2
1,4,4,1953,3,2,4,3,2
1,3,6,1942,3,2,4,4,2
1,4,2,1958,3,2,4,3,2
1,3,2,1959,3,2,4,3,1
1,2,3,1957,1,3,4,4,1
1,3,2,1986,2,3,4,4,2
1,4,5,1953,3,2,4,4,1
1,1,6,1966,2,1,4,4,2
1,2,6,1951,2,3,4,2,1
1,2,5,1941,3,,4,2,1
1,4,5,1964,3,1,4,3,1
1,2,1,1940,2,2,4,3,2
1,2,3,1964,2,1,3,3,1
1,4,2,1948,1,2,3,1,2
2,2,4,1944,3,2,3,1,2
1,4,3,1991,2,3,4,1,2
1,4,3,1967,1,3,3,1,2
1,3,2,1941,2,1,3,3,2
1,1,5,1958,3,1,3,4,2
1,2,5,1984,3,1,4,4,2
1,1,3,1943,2,2,4,4,2
1,4,5,1969,3,2,4,4,2
1,3,5,1934,3,2,4,4,1
1,2,3,1950,3,1,4,3,2
1,1,3,1939,3,1,3,3,2
3,4,5,1986,1,2,3,4,2
1,4,6,1960,3,1,2,1,2
,,2,1965,2,1,4,2,1
1,4,3,1942,3,2,4,2,2
1,1,3,1974,2,3,4,1,2
1,4,3,1953,3,2,4,3,2
1,4,2,1951,3,2,4,2,2
1,3,4,1960,2,1,4,4,2
1,4,6,1979,3,3,4,1,2
1,2,6,1970,2,2,3,1,1
1,3,3,1943,3,2,4,4,1
1,3,2,1963,3,2,4,3,1
1,1,3,1992,3,1,4,4,1
2,4,3,1977,,1,1,1,2
1,3,6,1972,2,1,4,1,2
1,1,2,1949,2,1,4,1,1
1,4,2,1935,3,2,4,3,2
1,1,5,1948,3,1,2,2,1
1,3,2,1958,3,2,4,3,1
1,4,6,1953,3,2,4,1,2
1,3,2,1949,2,1,4,1,1
1,3,3,1949,3,2,4,4,2
1,1,5,1928,3,1,3,4,2
1,2,6,1947,2,1,3,4,2
1,2,5,1958,3,3,4,4,1
1,2,6,1953,2,3,4,4,1
2,4,6,1949,3,1,3,3,2
1,3,3,1942,2,3,2,2,1
1,4,4,1956,2,2,4,4,2
1,,5,1958,2,1,4,,2
1,4,2,1942,3,2,4,2,1
2,2,5,1958,2,1,3,4,1
1,1,2,1967,2,1,4,3,1
1,3,2,1928,2,1,4,2,2
1,2,3,1962,2,1,4,3,1
1,4,3,1957,3,1,3,2,2
1,1,2,1936,2,1,2,2,1
1,2,4,1959,3,1,4,3,1
1,2,5,1965,3,2,3,3,1
1,3,5,1950,3,2,4,3,1
1,1,1,1965,3,2,4,4,2
1,1,3,1958,2,1,,4,1
1,4,1,1956,1,2,3,2,2
1,1,2,1930,3,2,4,4,1
2,1,2,1946,3,1,2,2,2
1,4,2,1971,3,2,4,4,2
1,2,4,1964,2,1,4,4,2
1,4,3,1963,3,2,4,3,2
1,,,1954,3,2,4,,1
1,4,3,1974,2,1,3,1,2
1,1,2,1960,3,1,4,4,1
1,1,2,1984,3,3,4,4,1
1,1,5,1976,2,1,4,4,2
1,1,2,1936,3,1,3,1,2
1,1,2,1933,3,2,4,4,1
1,1,6,1972,3,1,3,1,1
1,3,2,1940,3,1,4,3,1
1,3,2,1949,2,2,4,4,1
1,1,6,1982,2,2,4,4,1
1,2,3,1952,3,3,3,3,2
1,4,2,1948,3,2,4,1,2
5,5,5,1957,2,1,5,5,1
1,1,4,1980,3,1,4,4,1
1,4,6,1955,3,2,4,2,2
1,4,5,1954,3,3,3,1,2
1,4,6,1943,2,1,3,1,1
1,4,5,1977,2,2,4,4,2
1,4,4,1958,3,2,4,2,2
1,4,2,1947,2,2,4,4,1
1,4,2,1952,2,2,4,4,2
1,3,6,1949,3,3,4,1,1
1,1,3,1947,2,1,3,4,1
1,1,3,1987,3,2,4,4,2
1,4,5,1966,3,2,4,3,1
1,2,2,1993,3,3,4,4,2
1,4,5,1965,1,1,4,4,2
1,4,5,1969,3,2,4,1,2
1,4,5,1970,3,1,4,4,1
1,2,5,1947,2,1,4,3,1
1,3,2,1970,3,2,3,2,2
1,4,1,1946,2,2,4,4,2
,2,5,1953,3,1,,,1
1,4,6,1956,3,2,4,1,2
1,3,4,1939,3,2,4,3,1
1,2,3,1959,2,1,3,4,1
1,3,3,1947,2,1,4,4,2
1,3,2,1954,3,1,4,3,1
1,1,4,1946,3,1,3,4,2
1,3,3,1962,3,1,4,4,1
1,1,2,1992,3,3,4,4,1
1,3,2,1935,3,1,3,,2
1,1,5,1963,2,3,4,4,2
1,4,3,1966,2,3,4,1,1
1,2,2,1954,3,1,2,2,2
1,3,2,1933,3,3,4,4,1
1,3,2,1943,3,1,3,2,2
1,3,6,1955,3,2,4,3,1
1,3,5,1951,3,3,4,4,1
1,1,5,1966,3,1,1,3,1
1,3,3,1955,2,2,4,4,2
1,1,2,1934,3,2,4,4,1
1,3,2,1959,2,3,3,3,2
1,1,5,1957,3,1,4,1,2
1,4,2,1952,2,2,4,1,2
1,4,5,1957,1,3,3,1,2
2,2,4,1960,3,1,3,3,1
1,1,1,1932,2,,4,4,1
1,4,3,1962,3,3,4,1,1
1,2,3,1964,3,2,4,2,2
2,3,2,1959,3,3,4,2,2
1,4,1,1981,3,2,4,4,2
1,3,2,1955,2,2,4,3,1
1,4,2,1949,2,3,4,1,2
1,1,5,1961,3,1,4,1,1
1,1,4,1942,3,1,4,3,1
1,3,5,1952,3,2,4,2,1
2,4,2,1962,2,3,4,1,2
1,2,2,1949,3,1,4,4,2
1,4,5,1960,3,2,4,2,1
1,4,4,1954,3,3,4,4,1
1,1,5,1983,3,1,2,3,2
1,2,5,1950,2,2,4,2,2
1,2,2,1959,3,1,4,2,1
2,1,4,1921,3,2,4,4,2
1,4,2,1948,3,2,4,4,2
1,1,3,1956,1,3,4,4,2
2,3,4,1960,1,2,3,2,2
,,2,1965,2,2,3,4,1
1,3,5,1959,2,2,4,2,2
1,3,4,1957,3,1,4,3,1
1,1,3,1948,3,3,4,3,1
1,1,5,1961,3,1,4,4,2
1,4,5,1954,3,2,4,1,1
1,2,3,1959,2,1,2,3,1
1,4,4,1951,3,1,3,4,1
1,4,3,1943,2,3,4,4,2
1,4,4,1966,3,2,4,1,2
1,,2,1955,3,2,,,1
1,3,5,1983,1,2,4,2,1
1,2,5,1956,3,1,2,1,2
1,3,5,1964,2,2,4,2,1
1,4,5,1945,3,2,4,4,2
1,4,4,1944,3,2,4,4,1
1,,3,1970,2,2,,1,1
1,1,5,1937,3,1,4,4,2
1,3,2,1955,2,1,3,3,1
1,4,3,1964,3,2,4,1,1
1,3,3,1951,2,1,4,3,1
2,4,2,1936,3,2,4,3,1
1,4,4,1970,2,1,4,3,2
1,1,3,1943,3,2,4,4,2
1,4,3,1964,3,1,4,4,1
1,1,3,1963,3,2,4,4,1
1,2,3,1990,3,1,2,3,2
1,4,2,1950,3,2,4,1,2
1,4,5,1959,2,2,4,1,1
1,4,6,1931,3,2,4,3,1
1,4,5,1960,3,2,3,4,1
1,1,2,1945,3,1,3,4,2
1,3,2,1945,3,1,4,3,2
1,1,2,1942,2,1,3,4,2
2,4,2,1940,3,3,3,4,1
1,3,2,1942,2,2,4,3,1
1,2,2,1989,2,2,4,4,1
1,2,6,1936,3,2,4,2,2
1,2,2,1942,2,1,4,3,1
1,4,2,1959,3,2,4,1,1
1,4,6,1957,2,1,3,2,1
1,3,4,1989,3,2,3,2,1
1,3,2,1955,3,3,4,,2
1,1,3,1985,3,1,4,4,1
1,4,1,1974,2,3,4,4,2
1,2,4,1958,3,2,4,3,1
1,2,2,1955,3,1,4,4,1
1,1,3,1990,3,2,4,1,1
1,4,2,1948,2,1,4,1,1
1,2,3,1959,2,2,4,1,1
1,4,4,1961,3,2,4,3,2
1,4,2,1950,2,2,3,1,2
1,2,3,1950,1,1,4,4,2
1,2,2,1961,3,1,3,3,1
1,4,3,1953,3,3,3,3,1
1,1,6,1969,3,3,3,1,2
1,2,4,1960,1,3,4,4,1
2,4,5,1952,3,1,3,3,2
1,4,2,1952,2,2,3,4,1
1,3,2,1956,3,1,4,4,2
1,2,6,1948,3,2,4,2,2
2,2,5,1963,2,1,3,3,1
1,3,2,1962,2,1,4,2,1
2,1,2,1967,3,2,4,3,2
1,2,2,1956,2,3,4,4,1
1,2,5,1959,3,1,4,4,1
1,2,6,1950,3,2,4,4,1
1,3,4,1951,3,1,2,1,2
1,2,4,1955,2,1,4,3,1
2,,2,1958,3,2,3,3,2
1,3,2,1958,3,1,3,4,2
1,2,3,1970,3,1,4,4,2
5,5,5,1969,3,2,5,5,1
1,4,4,1974,3,1,3,3,1
1,1,3,1954,3,2,3,3,1
1,1,2,1944,3,1,3,2,2
1,2,3,1952,3,2,,,1
1,4,3,1985,3,2,4,4,1
1,1,4,1978,2,1,3,4,2
1,3,3,1957,,1,4,4,2
2,4,3,1977,1,3,1,1,2
1,2,3,1960,3,3,4,2,1
2,2,2,1937,3,1,3,3,1
1,2,3,1955,3,1,3,2,1
1,3,2,1959,3,2,4,3,1
2,2,4,1965,2,3,3,3,2
1,3,3,1972,1,2,4,3,1
1,4,4,1959,1,2,4,4,2
1,4,5,1976,3,1,4,1,1
1,1,3,1985,3,1,4,4,1
1,2,3,1940,3,2,4,3,2
1,2,3,1935,2,1,2,1,1
1,,2,1976,2,1,4,,1
1,,5,1951,3,,3,,2
1,1,2,1936,2,1,3,4,2
1,4,2,1939,3,2,4,2,2
1,3,6,1942,3,2,4,2,1
,1,3,1956,3,1,4,4,1
1,3,3,1953,3,1,4,1,2
1,3,2,1930,3,2,4,4,1
2,4,3,1959,2,1,3,2,1
1,3,3,1947,3,1,4,3,2
1,3,3,1946,2,1,3,2,2
1,3,6,1968,3,3,4,2,2
1,1,2,1954,2,2,3,4,2
1,1,5,1931,2,,4,4,1
1,4,5,1979,2,2,4,3,2
1,4,2,1961,2,2,3,1,2
1,2,2,1953,3,1,3,4,2
1,4,4,1969,2,2,4,2,2
1,4,2,1971,3,1,2,1,1
1,2,3,1950,3,1,4,3,2
1,4,2,1945,2,2,4,4,1
2,2,5,1955,3,1,3,2,2
1,1,3,1973,2,1,4,4,1
1,3,2,1960,2,2,4,4,1
2,3,1,1961,2,1,4,3,1
1,4,3,1951,3,2,4,1,2
1,1,5,1964,3,1,3,2,1
1,1,4,1980,2,1,4,4,2
1,1,5,1984,2,1,3,3,2
2,2,5,1932,3,2,4,4,1
1,4,5,1977,2,2,4,4,2
,,5,1961,2,1,,1,2
3,3,2,1973,2,2,2,2,2
1,3,6,1948,3,2,4,1,1
1,4,3,1971,3,2,4,3,1
1,1,6,1981,3,1,3,4,2
1,2,3,1951,3,2,4,3,2
1,3,3,1959,3,1,4,2,2
1,4,4,1991,2,1,3,2,1
1,4,2,1964,3,3,4,2,2
1,,3,1950,3,1,4,3,1
1,3,2,1963,2,3,3,3,1
1,3,3,1987,3,3,4,2,1
1,2,4,1942,3,2,4,4,1
1,1,2,1966,2,1,4,3,2
1,4,2,1953,2,2,2,4,2
2,1,3,1981,2,1,3,3,1
1,2,4,1957,3,2,4,3,2
1,4,3,1966,2,1,4,2,2
1,4,6,1960,3,3,2,1,2
1,4,3,1948,2,2,4,2,2
1,2,6,1969,2,1,4,2,1
1,,4,1953,2,1,4,4,1
2,1,5,1988,3,1,2,3,1
1,1,2,1954,3,2,4,4,1
1,1,4,1979,2,1,3,1,2
1,1,5,1962,3,1,4,4,1
1,1,3,1949,3,2,4,4,2
1,2,3,1967,3,1,2,1,1
1,3,5,1960,3,1,4,2,2
2,3,1,1966,2,2,4,4,1
1,4,5,1955,3,1,3,1,1
1,3,3,1992,3,2,4,1,1
1,2,5,1960,2,1,3,3,2
1,2,5,1979,2,1,3,3,2
2,2,5,1943,2,1,3,1,1
1,3,2,1956,3,3,4,2,1
1,2,3,1939,3,2,4,4,1
1,1,5,1965,3,1,3,3,1
1,4,2,1954,2,1,4,1,2
1,2,3,1982,2,1,3,4,1
1,1,3,1956,3,2,4,2,2
1,4,1,1939,3,2,4,1,1
1,3,6,1958,3,1,3,4,1
1,2,4,1987,3,1,4,4,1
1,4,2,1934,3,2,4,4,2
1,4,2,1946,3,2,4,3,1
1,2,4,1967,2,2,4,3,1
1,2,6,1958,3,2,4,1,1
2,4,3,1951,2,2,3,3,1
1,1,2,1972,2,1,4,2,1
2,1,2,1993,3,1,3,4,2
1,2,3,1960,3,1,2,3,2
1,,3,1969,3,1,4,4,2
1,2,3,1962,2,1,4,2,2
1,3,5,1956,2,2,4,3,2
1,1,3,1939,3,1,4,4,2
1,4,2,1965,3,2,4,4,1
1,2,2,1953,3,1,4,4,2
1,1,2,1953,3,1,4,4,2
1,4,3,1954,2,1,4,4,1
1,1,2,1927,2,2,4,4,2
1,2,6,1978,2,1,4,3,1
1,,3,1943,2,1,,,2
2,1,5,1969,1,3,2,2,2
1,4,3,1960,2,2,3,3,2
1,3,2,1972,2,2,3,3,2
1,2,4,1989,2,1,4,3,1
1,1,2,1978,2,1,4,4,1
1,1,2,1984,3,1,4,4,1
1,1,6,1979,3,1,3,4,1
1,2,5,1943,3,1,4,4,1
1,4,2,1954,3,2,4,2,1
1,2,5,1962,3,1,4,4,1
1,3,2,1969,3,1,3,2,2
1,3,2,1955,3,1,4,3,2
1,,2,1947,3,2,4,,1
1,2,2,1954,2,1,3,3,2
1,3,3,1934,3,2,4,2,1
1,,2,1957,2,1,,2,1
1,1,4,1977,3,2,4,4,2
1,3,2,1940,2,2,4,3,2
1,3,3,1942,3,2,4,4,1
2,4,2,1986,4,1,3,3,1
1,2,2,1938,3,1,,,1
1,4,3,1961,3,2,3,4,2
1,1,2,1970,3,2,4,3,1
1,3,3,1961,3,1,4,4,1
1,4,2,1965,1,1,2,1,1
1,3,3,1961,3,3,4,2,2
1,4,4,1989,2,2,3,4,1
2,1,5,1990,3,1,3,3,2
1,4,3,1955,3,2,4,4,1
1,1,6,1964,3,1,3,1,1
1,4,3,1954,3,3,4,1,1
1,1,5,1955,2,3,4,4,1
2,2,2,1991,1,3,1,3,1
2,4,2,1985,2,2,3,3,2
1,3,4,1963,3,1,3,3,1
1,2,5,1967,1,2,4,4,1
1,2,4,1964,3,2,4,2,2
1,3,2,1937,2,2,4,4,1
1,3,2,1946,2,1,4,3,1
1,1,3,1985,3,2,4,4,1
1,1,2,1993,2,1,4,4,1
1,1,5,1934,3,1,4,4,2
1,2,3,1982,3,2,4,4,1
1,4,3,1985,2,2,4,2,1
1,4,5,1968,3,3,4,3,1
1,1,6,1966,3,1,2,4,1
2,1,5,1975,2,1,3,3,1
1,1,3,1952,3,1,4,4,1
1,2,3,1974,3,1,4,4,1
1,1,3,1986,1,1,4,4,2
1,3,1,1990,2,1,4,4,1
1,4,2,1981,3,2,4,2,2
1,3,3,1990,1,3,3,2,2
1,2,3,1971,2,1,4,2,1
1,1,3,1971,4,1,4,4,1
2,1,5,1988,2,1,2,2,1
1,3,5,1947,3,1,4,1,2
1,2,2,1962,3,1,2,3,2
1,1,2,1986,3,1,4,4,2
1,3,3,1985,3,1,4,2,1
1,4,4,1988,2,1,4,4,2
1,3,3,1939,3,2,4,4,2
1,4,2,1944,3,1,1,2,2
1,1,4,1948,3,1,4,4,1
1,1,6,1979,3,1,3,1,2
1,3,3,1960,2,1,4,4,2
1,4,4,1968,3,2,3,4,2
2,2,1,1956,3,1,3,3,2
1,4,2,1954,2,1,4,4,2
1,2,3,1974,3,3,3,3,1
1,3,3,1948,3,2,4,2,1
1,4,,1956,2,1,2,3,1
1,3,3,1981,2,1,4,2,1
1,2,2,1947,2,1,3,4,2
1,1,3,1953,3,2,4,4,1
1,1,5,1949,3,1,4,1,2
1,4,1,1955,1,2,3,1,1
2,2,5,1988,3,1,1,3,2
1,2,3,1962,2,1,4,3,2
1,3,,1960,2,1,3,2,1
1,3,3,1959,3,2,4,4,1
1,2,4,1961,3,1,4,4,1
1,3,2,1947,3,2,4,3,1
1,4,5,1948,3,2,4,4,2
1,2,3,1982,3,1,4,3,2
1,2,4,1958,2,1,4,3,1
1,2,3,1953,3,3,4,3,2
1,1,3,1992,3,1,3,4,1
1,2,4,1968,3,1,4,4,2
1,2,5,1983,3,1,4,3,1
2,1,3,1992,2,1,3,4,1
,3,2,1945,3,1,4,,1
1,4,3,1961,3,2,4,2,2
1,3,2,1934,2,2,4,4,1
1,3,3,1968,2,3,4,3,2
2,2,5,1989,3,1,3,3,2
